PRAGMA foreign_keys=OFF;
BEGIN TRANSACTION;
CREATE TABLE IF NOT EXISTS "django_migrations" ("id" integer NOT NULL PRIMARY KEY AUTOINCREMENT, "app" varchar(255) NOT NULL, "name" varchar(255) NOT NULL, "applied" datetime NOT NULL);
INSERT INTO django_migrations VALUES(1,'contenttypes','0001_initial','2025-07-02 10:39:47.171293');
INSERT INTO django_migrations VALUES(2,'auth','0001_initial','2025-07-02 10:39:47.374465');
INSERT INTO django_migrations VALUES(3,'admin','0001_initial','2025-07-02 10:39:47.561891');
INSERT INTO django_migrations VALUES(4,'admin','0002_logentry_remove_auto_add','2025-07-02 10:39:47.686914');
INSERT INTO django_migrations VALUES(5,'admin','0003_logentry_add_action_flag_choices','2025-07-02 10:39:47.811882');
INSERT INTO django_migrations VALUES(6,'contenttypes','0002_remove_content_type_name','2025-07-02 10:39:47.952498');
INSERT INTO django_migrations VALUES(7,'auth','0002_alter_permission_name_max_length','2025-07-02 10:39:48.077484');
INSERT INTO django_migrations VALUES(8,'auth','0003_alter_user_email_max_length','2025-07-02 10:39:48.234426');
INSERT INTO django_migrations VALUES(9,'auth','0004_alter_user_username_opts','2025-07-02 10:39:48.358610');
INSERT INTO django_migrations VALUES(10,'auth','0005_alter_user_last_login_null','2025-07-02 10:39:48.483971');
INSERT INTO django_migrations VALUES(11,'auth','0006_require_contenttypes_0002','2025-07-02 10:39:48.593381');
INSERT INTO django_migrations VALUES(12,'auth','0007_alter_validators_add_error_messages','2025-07-02 10:39:48.702706');
INSERT INTO django_migrations VALUES(13,'auth','0008_alter_user_username_max_length','2025-07-02 10:39:48.843350');
INSERT INTO django_migrations VALUES(14,'auth','0009_alter_user_last_name_max_length','2025-07-02 10:39:48.968314');
INSERT INTO django_migrations VALUES(15,'auth','0010_alter_group_name_max_length','2025-07-02 10:39:49.140170');
INSERT INTO django_migrations VALUES(16,'auth','0011_update_proxy_permissions','2025-07-02 10:39:49.296409');
INSERT INTO django_migrations VALUES(17,'auth','0012_alter_user_first_name_max_length','2025-07-02 10:39:49.421398');
INSERT INTO django_migrations VALUES(18,'delivery_notes','0001_initial','2025-07-02 10:39:49.515206');
INSERT INTO django_migrations VALUES(19,'sessions','0001_initial','2025-07-02 10:39:49.718314');
INSERT INTO django_migrations VALUES(20,'delivery_notes','0002_deliverynote_ref_number_deliverynote_status','2025-07-05 11:16:53.833980');
INSERT INTO django_migrations VALUES(21,'delivery_notes','0003_remove_deliverynote_item_code','2025-07-05 11:39:31.135627');
INSERT INTO django_migrations VALUES(22,'delivery_notes','0004_deliverynote_branch','2025-07-06 06:41:17.470935');
INSERT INTO django_migrations VALUES(23,'delivery_notes','0005_deliverynote_client_name_deliverynote_contract_no_and_more','2025-07-06 08:50:55.075404');
INSERT INTO django_migrations VALUES(24,'delivery_notes','0006_deliverynote_total_remarks','2025-07-08 05:46:59.226370');
INSERT INTO django_migrations VALUES(25,'delivery_notes','0007_deliveryitem','2025-07-08 07:57:24.755909');
INSERT INTO django_migrations VALUES(26,'delivery_notes','0008_remove_deliverynote_total_remarks','2025-07-08 11:40:00.181675');
INSERT INTO django_migrations VALUES(27,'delivery_notes','0009_remove_deliverynote_description_and_more','2025-07-08 13:01:27.910695');
INSERT INTO django_migrations VALUES(28,'delivery_notes','0010_remove_deliveryitem_so_number','2025-07-08 13:22:01.553456');
INSERT INTO django_migrations VALUES(29,'delivery_notes','0011_deliverynote_pdf_file','2025-07-10 08:08:27.071594');
INSERT INTO django_migrations VALUES(30,'delivery_notes','0012_incomingmaterialreport_incomingmaterialitem','2025-07-11 19:56:05.724554');
INSERT INTO django_migrations VALUES(31,'incoming_material','0001_initial','2025-07-11 20:36:54.830949');
INSERT INTO django_migrations VALUES(32,'ongoing_projects','0001_initial','2025-07-14 06:46:51.260619');
INSERT INTO django_migrations VALUES(33,'delivery_notes','0013_delete_incomingmaterialitem_and_more','2025-07-15 10:49:18.721787');
INSERT INTO django_migrations VALUES(34,'ongoing_projects','0002_ongoingproject_date','2025-07-15 10:49:18.846192');
INSERT INTO django_migrations VALUES(35,'accounts','0001_initial','2025-07-16 10:04:14.321917');
INSERT INTO django_migrations VALUES(36,'accounts','0002_alter_profile_avatar','2025-07-18 08:41:21.723493');
INSERT INTO django_migrations VALUES(37,'ongoing_projects','0003_ongoingproject_status','2025-07-18 08:41:21.848471');
INSERT INTO django_migrations VALUES(38,'ongoing_projects','0004_alter_projectcomponentstatus_hdg','2025-07-19 06:30:25.071852');
CREATE TABLE IF NOT EXISTS "auth_group_permissions" ("id" integer NOT NULL PRIMARY KEY AUTOINCREMENT, "group_id" integer NOT NULL REFERENCES "auth_group" ("id") DEFERRABLE INITIALLY DEFERRED, "permission_id" integer NOT NULL REFERENCES "auth_permission" ("id") DEFERRABLE INITIALLY DEFERRED);
CREATE TABLE IF NOT EXISTS "auth_user_groups" ("id" integer NOT NULL PRIMARY KEY AUTOINCREMENT, "user_id" integer NOT NULL REFERENCES "auth_user" ("id") DEFERRABLE INITIALLY DEFERRED, "group_id" integer NOT NULL REFERENCES "auth_group" ("id") DEFERRABLE INITIALLY DEFERRED);
CREATE TABLE IF NOT EXISTS "auth_user_user_permissions" ("id" integer NOT NULL PRIMARY KEY AUTOINCREMENT, "user_id" integer NOT NULL REFERENCES "auth_user" ("id") DEFERRABLE INITIALLY DEFERRED, "permission_id" integer NOT NULL REFERENCES "auth_permission" ("id") DEFERRABLE INITIALLY DEFERRED);
CREATE TABLE IF NOT EXISTS "django_admin_log" ("id" integer NOT NULL PRIMARY KEY AUTOINCREMENT, "object_id" text NULL, "object_repr" varchar(200) NOT NULL, "action_flag" smallint unsigned NOT NULL CHECK ("action_flag" >= 0), "change_message" text NOT NULL, "content_type_id" integer NULL REFERENCES "django_content_type" ("id") DEFERRABLE INITIALLY DEFERRED, "user_id" integer NOT NULL REFERENCES "auth_user" ("id") DEFERRABLE INITIALLY DEFERRED, "action_time" datetime NOT NULL);
CREATE TABLE IF NOT EXISTS "django_content_type" ("id" integer NOT NULL PRIMARY KEY AUTOINCREMENT, "app_label" varchar(100) NOT NULL, "model" varchar(100) NOT NULL);
INSERT INTO django_content_type VALUES(1,'admin','logentry');
INSERT INTO django_content_type VALUES(2,'auth','permission');
INSERT INTO django_content_type VALUES(3,'auth','group');
INSERT INTO django_content_type VALUES(4,'auth','user');
INSERT INTO django_content_type VALUES(5,'contenttypes','contenttype');
INSERT INTO django_content_type VALUES(6,'sessions','session');
INSERT INTO django_content_type VALUES(7,'delivery_notes','deliverynote');
INSERT INTO django_content_type VALUES(8,'delivery_notes','deliveryitem');
INSERT INTO django_content_type VALUES(9,'delivery_notes','incomingmaterialitem');
INSERT INTO django_content_type VALUES(10,'delivery_notes','incomingmaterialreport');
INSERT INTO django_content_type VALUES(11,'incoming_material','incomingmaterialitem');
INSERT INTO django_content_type VALUES(12,'incoming_material','incomingmaterialreport');
INSERT INTO django_content_type VALUES(13,'ongoing_projects','projectcomponentstatus');
INSERT INTO django_content_type VALUES(14,'ongoing_projects','ongoingproject');
INSERT INTO django_content_type VALUES(15,'accounts','profile');
CREATE TABLE IF NOT EXISTS "auth_permission" ("id" integer NOT NULL PRIMARY KEY AUTOINCREMENT, "content_type_id" integer NOT NULL REFERENCES "django_content_type" ("id") DEFERRABLE INITIALLY DEFERRED, "codename" varchar(100) NOT NULL, "name" varchar(255) NOT NULL);
INSERT INTO auth_permission VALUES(1,1,'add_logentry','Can add log entry');
INSERT INTO auth_permission VALUES(2,1,'change_logentry','Can change log entry');
INSERT INTO auth_permission VALUES(3,1,'delete_logentry','Can delete log entry');
INSERT INTO auth_permission VALUES(4,1,'view_logentry','Can view log entry');
INSERT INTO auth_permission VALUES(5,2,'add_permission','Can add permission');
INSERT INTO auth_permission VALUES(6,2,'change_permission','Can change permission');
INSERT INTO auth_permission VALUES(7,2,'delete_permission','Can delete permission');
INSERT INTO auth_permission VALUES(8,2,'view_permission','Can view permission');
INSERT INTO auth_permission VALUES(9,3,'add_group','Can add group');
INSERT INTO auth_permission VALUES(10,3,'change_group','Can change group');
INSERT INTO auth_permission VALUES(11,3,'delete_group','Can delete group');
INSERT INTO auth_permission VALUES(12,3,'view_group','Can view group');
INSERT INTO auth_permission VALUES(13,4,'add_user','Can add user');
INSERT INTO auth_permission VALUES(14,4,'change_user','Can change user');
INSERT INTO auth_permission VALUES(15,4,'delete_user','Can delete user');
INSERT INTO auth_permission VALUES(16,4,'view_user','Can view user');
INSERT INTO auth_permission VALUES(17,5,'add_contenttype','Can add content type');
INSERT INTO auth_permission VALUES(18,5,'change_contenttype','Can change content type');
INSERT INTO auth_permission VALUES(19,5,'delete_contenttype','Can delete content type');
INSERT INTO auth_permission VALUES(20,5,'view_contenttype','Can view content type');
INSERT INTO auth_permission VALUES(21,6,'add_session','Can add session');
INSERT INTO auth_permission VALUES(22,6,'change_session','Can change session');
INSERT INTO auth_permission VALUES(23,6,'delete_session','Can delete session');
INSERT INTO auth_permission VALUES(24,6,'view_session','Can view session');
INSERT INTO auth_permission VALUES(25,7,'add_deliverynote','Can add delivery note');
INSERT INTO auth_permission VALUES(26,7,'change_deliverynote','Can change delivery note');
INSERT INTO auth_permission VALUES(27,7,'delete_deliverynote','Can delete delivery note');
INSERT INTO auth_permission VALUES(28,7,'view_deliverynote','Can view delivery note');
INSERT INTO auth_permission VALUES(29,8,'add_deliveryitem','Can add delivery item');
INSERT INTO auth_permission VALUES(30,8,'change_deliveryitem','Can change delivery item');
INSERT INTO auth_permission VALUES(31,8,'delete_deliveryitem','Can delete delivery item');
INSERT INTO auth_permission VALUES(32,8,'view_deliveryitem','Can view delivery item');
INSERT INTO auth_permission VALUES(33,9,'add_incomingmaterialitem','Can add incoming material item');
INSERT INTO auth_permission VALUES(34,9,'change_incomingmaterialitem','Can change incoming material item');
INSERT INTO auth_permission VALUES(35,9,'delete_incomingmaterialitem','Can delete incoming material item');
INSERT INTO auth_permission VALUES(36,9,'view_incomingmaterialitem','Can view incoming material item');
INSERT INTO auth_permission VALUES(37,10,'add_incomingmaterialreport','Can add incoming material report');
INSERT INTO auth_permission VALUES(38,10,'change_incomingmaterialreport','Can change incoming material report');
INSERT INTO auth_permission VALUES(39,10,'delete_incomingmaterialreport','Can delete incoming material report');
INSERT INTO auth_permission VALUES(40,10,'view_incomingmaterialreport','Can view incoming material report');
INSERT INTO auth_permission VALUES(41,11,'add_incomingmaterialitem','Can add incoming material item');
INSERT INTO auth_permission VALUES(42,11,'change_incomingmaterialitem','Can change incoming material item');
INSERT INTO auth_permission VALUES(43,11,'delete_incomingmaterialitem','Can delete incoming material item');
INSERT INTO auth_permission VALUES(44,11,'view_incomingmaterialitem','Can view incoming material item');
INSERT INTO auth_permission VALUES(45,12,'add_incomingmaterialreport','Can add incoming material report');
INSERT INTO auth_permission VALUES(46,12,'change_incomingmaterialreport','Can change incoming material report');
INSERT INTO auth_permission VALUES(47,12,'delete_incomingmaterialreport','Can delete incoming material report');
INSERT INTO auth_permission VALUES(48,12,'view_incomingmaterialreport','Can view incoming material report');
INSERT INTO auth_permission VALUES(49,13,'add_projectcomponentstatus','Can add project component status');
INSERT INTO auth_permission VALUES(50,13,'change_projectcomponentstatus','Can change project component status');
INSERT INTO auth_permission VALUES(51,13,'delete_projectcomponentstatus','Can delete project component status');
INSERT INTO auth_permission VALUES(52,13,'view_projectcomponentstatus','Can view project component status');
INSERT INTO auth_permission VALUES(53,14,'add_ongoingproject','Can add ongoing project');
INSERT INTO auth_permission VALUES(54,14,'change_ongoingproject','Can change ongoing project');
INSERT INTO auth_permission VALUES(55,14,'delete_ongoingproject','Can delete ongoing project');
INSERT INTO auth_permission VALUES(56,14,'view_ongoingproject','Can view ongoing project');
INSERT INTO auth_permission VALUES(57,15,'add_profile','Can add profile');
INSERT INTO auth_permission VALUES(58,15,'change_profile','Can change profile');
INSERT INTO auth_permission VALUES(59,15,'delete_profile','Can delete profile');
INSERT INTO auth_permission VALUES(60,15,'view_profile','Can view profile');
CREATE TABLE IF NOT EXISTS "auth_group" ("id" integer NOT NULL PRIMARY KEY AUTOINCREMENT, "name" varchar(150) NOT NULL UNIQUE);
CREATE TABLE IF NOT EXISTS "auth_user" ("id" integer NOT NULL PRIMARY KEY AUTOINCREMENT, "password" varchar(128) NOT NULL, "last_login" datetime NULL, "is_superuser" bool NOT NULL, "username" varchar(150) NOT NULL UNIQUE, "last_name" varchar(150) NOT NULL, "email" varchar(254) NOT NULL, "is_staff" bool NOT NULL, "is_active" bool NOT NULL, "date_joined" datetime NOT NULL, "first_name" varchar(150) NOT NULL);
INSERT INTO auth_user VALUES(1,'pbkdf2_sha256$1000000$YxryUTVhoa3Hwe08zyQiy3$VrNUPQSl3NEN08ij/aiSeQZsZf9IjNcJJIJJHvETh0A=','2025-07-02 19:33:27.489001',1,'ilyaskhan','','ilyas@gmail.com',1,1,'2025-07-02 10:40:39.255292','');
INSERT INTO auth_user VALUES(2,'pbkdf2_sha256$1000000$GLmKRzIVV1QsQ2m2qbadfV$2cqLUHZ8dBvC5AKr82iUYO/+XVgmaYcOT7E3JaQRz78=','2025-07-19 06:53:40.451905',1,'admin','','ilyas@gmail.com',1,1,'2025-07-02 19:54:30.123707','');
CREATE TABLE IF NOT EXISTS "django_session" ("session_key" varchar(40) NOT NULL PRIMARY KEY, "session_data" text NOT NULL, "expire_date" datetime NOT NULL);
INSERT INTO django_session VALUES('3g4eomf6c1n02x9oodibmkgrdcaox0yg','.eJxVjDsOwyAQBe9CHSFYPsYp0_sMCHZXwUkEkrGrKHePLblI2jcz7y1i2tYSt85LnElcBYjL75YTPrkegB6p3pvEVtdlzvJQ5Em7nBrx63a6fwcl9bLXTI7BWLSYFQ-DB_TkrHYuOM046gwBkBFQoTG4C4lGo4FdUuDJB_H5AuMsN5k:1uX3eH:0-aVrZT6J8z5XHLz8LH5lTghu_SaYVeH8kMGWD5E418','2025-07-16 20:01:41.959924');
INSERT INTO django_session VALUES('xyqp5lw0tevn0ys84kugv8x8wuzrrooa','.eJxVjDsOwyAQBe9CHSFYPsYp0_sMCHZXwUkEkrGrKHePLblI2jcz7y1i2tYSt85LnElcBYjL75YTPrkegB6p3pvEVtdlzvJQ5Em7nBrx63a6fwcl9bLXTI7BWLSYFQ-DB_TkrHYuOM046gwBkBFQoTG4C4lGo4FdUuDJB_H5AuMsN5k:1uX3hJ:AqYd1Wm6yemoOAxA0-nPfKhw5o-3XHw5uzBsbSA5dB8','2025-07-16 20:04:49.385644');
INSERT INTO django_session VALUES('ddou02p8tzdpt5vuhqlc3adfh09cy9rg','.eJxVjDsOwyAQBe9CHSFYPsYp0_sMCHZXwUkEkrGrKHePLblI2jcz7y1i2tYSt85LnElcBYjL75YTPrkegB6p3pvEVtdlzvJQ5Em7nBrx63a6fwcl9bLXTI7BWLSYFQ-DB_TkrHYuOM046gwBkBFQoTG4C4lGo4FdUuDJB_H5AuMsN5k:1uXDEA:zSwyr4qM8iDsUYQOBNFKrDt4c3y8IwYmUQisq5C2mU4','2025-07-17 06:15:22.536361');
INSERT INTO django_session VALUES('qkh0ccrnv0ejnyn4vl79wi3w6e9j07ch','.eJxVjDsOwyAQBe9CHSFYPsYp0_sMCHZXwUkEkrGrKHePLblI2jcz7y1i2tYSt85LnElcBYjL75YTPrkegB6p3pvEVtdlzvJQ5Em7nBrx63a6fwcl9bLXTI7BWLSYFQ-DB_TkrHYuOM046gwBkBFQoTG4C4lGo4FdUuDJB_H5AuMsN5k:1uXECf:5MNuWTjtgW-XbScTobFWJPwfAUyR_TyS--5Aqy-TdTg','2025-07-17 07:17:53.820460');
INSERT INTO django_session VALUES('thr9984nr2bpx4wyhv0pe2q42dqlzyap','.eJxVjDsOwyAQBe9CHSFYPsYp0_sMCHZXwUkEkrGrKHePLblI2jcz7y1i2tYSt85LnElcBYjL75YTPrkegB6p3pvEVtdlzvJQ5Em7nBrx63a6fwcl9bLXTI7BWLSYFQ-DB_TkrHYuOM046gwBkBFQoTG4C4lGo4FdUuDJB_H5AuMsN5k:1uXEY6:QgarS_s8GU3MDE6tiMVwOeqmTJ4JqCON0dUkugMRQGE','2025-07-17 07:40:02.890973');
INSERT INTO django_session VALUES('l41mkmltqnqi7wv2cna96c35mrv8nkws','.eJxVjDsOwyAQBe9CHSFYPsYp0_sMCHZXwUkEkrGrKHePLblI2jcz7y1i2tYSt85LnElcBYjL75YTPrkegB6p3pvEVtdlzvJQ5Em7nBrx63a6fwcl9bLXTI7BWLSYFQ-DB_TkrHYuOM046gwBkBFQoTG4C4lGo4FdUuDJB_H5AuMsN5k:1uXEah:sgV47vgBVca1Oh0pYyAKnPcYMC8lt3QIvm9ri_HEsDo','2025-07-17 07:42:43.434176');
INSERT INTO django_session VALUES('0f0pfkjffq3bfeuhzu6r3yfowdzjwt23','.eJxVjDsOwyAQBe9CHSFYPsYp0_sMCHZXwUkEkrGrKHePLblI2jcz7y1i2tYSt85LnElcBYjL75YTPrkegB6p3pvEVtdlzvJQ5Em7nBrx63a6fwcl9bLXTI7BWLSYFQ-DB_TkrHYuOM046gwBkBFQoTG4C4lGo4FdUuDJB_H5AuMsN5k:1uXEhF:RNXlFXcjhR6lyK_s0hOWmpFOw-saVLoSPnwq92F3v-g','2025-07-17 07:49:29.231259');
INSERT INTO django_session VALUES('390ookb8mixlfjd0n0i930qoz3tbziwy','.eJxVjDsOwyAQBe9CHSFYPsYp0_sMCHZXwUkEkrGrKHePLblI2jcz7y1i2tYSt85LnElcBYjL75YTPrkegB6p3pvEVtdlzvJQ5Em7nBrx63a6fwcl9bLXTI7BWLSYFQ-DB_TkrHYuOM046gwBkBFQoTG4C4lGo4FdUuDJB_H5AuMsN5k:1uXIsg:--xjrqe9-WpK13w2rkcso6DOKXPWEtTzvAQeVSOnu2s','2025-07-17 12:17:34.374467');
INSERT INTO django_session VALUES('vwieijhc0hxq4j2q55t457e2cvbwrtx2','.eJxVjDsOwyAQBe9CHSFYPsYp0_sMCHZXwUkEkrGrKHePLblI2jcz7y1i2tYSt85LnElcBYjL75YTPrkegB6p3pvEVtdlzvJQ5Em7nBrx63a6fwcl9bLXTI7BWLSYFQ-DB_TkrHYuOM046gwBkBFQoTG4C4lGo4FdUuDJB_H5AuMsN5k:1uXJ8m:QNKCVcXj2x-rbgirNdYR3XoZS0k5e8pMjq-DyUKrpOY','2025-07-17 12:34:12.203730');
INSERT INTO django_session VALUES('jq2c6wi9l3indp8444lfefqsrf4j7q7q','.eJxVjDsOwyAQBe9CHSFYPsYp0_sMCHZXwUkEkrGrKHePLblI2jcz7y1i2tYSt85LnElcBYjL75YTPrkegB6p3pvEVtdlzvJQ5Em7nBrx63a6fwcl9bLXTI7BWLSYFQ-DB_TkrHYuOM046gwBkBFQoTG4C4lGo4FdUuDJB_H5AuMsN5k:1uY0iB:RzOBqEdTmln8zvPr5Ts4c3hN0mQspGSk3WMhGAX7mQY','2025-07-19 11:05:39.713139');
INSERT INTO django_session VALUES('795imcro41txp5oyr0w7djrg86340k7n','.eJxVjDsOwyAQBe9CHSFYPsYp0_sMCHZXwUkEkrGrKHePLblI2jcz7y1i2tYSt85LnElcBYjL75YTPrkegB6p3pvEVtdlzvJQ5Em7nBrx63a6fwcl9bLXTI7BWLSYFQ-DB_TkrHYuOM046gwBkBFQoTG4C4lGo4FdUuDJB_H5AuMsN5k:1uY0it:u-B3PBzRKJCC5N-L6_IaHgHIjKfmoRkmx_ePSJ3vv80','2025-07-19 11:06:23.014028');
INSERT INTO django_session VALUES('vzuj6bl5w5yohvu1fqwdpz20d0kuivhs','.eJxVjDsOwyAQBe9CHSFYPsYp0_sMCHZXwUkEkrGrKHePLblI2jcz7y1i2tYSt85LnElcBYjL75YTPrkegB6p3pvEVtdlzvJQ5Em7nBrx63a6fwcl9bLXTI7BWLSYFQ-DB_TkrHYuOM046gwBkBFQoTG4C4lGo4FdUuDJB_H5AuMsN5k:1uY0iu:b70Ytf_kHxslGpSG6yJtlH5IqBaMHFseQRu4WNvSxpk','2025-07-19 11:06:24.494235');
INSERT INTO django_session VALUES('bql7tr3x9cwe3115kyjmrtm00nthov79','.eJxVjDsOwyAQBe9CHSFYPsYp0_sMCHZXwUkEkrGrKHePLblI2jcz7y1i2tYSt85LnElcBYjL75YTPrkegB6p3pvEVtdlzvJQ5Em7nBrx63a6fwcl9bLXTI7BWLSYFQ-DB_TkrHYuOM046gwBkBFQoTG4C4lGo4FdUuDJB_H5AuMsN5k:1uY103:a_wi3_DAFll_7vGXH4Wo7Vh-FEV_QHprtNruJEprwx4','2025-07-19 11:24:07.403897');
INSERT INTO django_session VALUES('rx1be9v54ge34ibz6402kuy771r88fvx','.eJxVjDsOwyAQBe9CHSFYPsYp0_sMCHZXwUkEkrGrKHePLblI2jcz7y1i2tYSt85LnElcBYjL75YTPrkegB6p3pvEVtdlzvJQ5Em7nBrx63a6fwcl9bLXTI7BWLSYFQ-DB_TkrHYuOM046gwBkBFQoTG4C4lGo4FdUuDJB_H5AuMsN5k:1uY1Gk:BnJCSBVgjsHUMHZWN-bc9bX4koshVjkMBt8kTOaCBJc','2025-07-19 11:41:22.209796');
INSERT INTO django_session VALUES('r6uvdtna7ojzxm864ylejkljsthp8pmu','.eJxVjDsOwyAQBe9CHSFYPsYp0_sMCHZXwUkEkrGrKHePLblI2jcz7y1i2tYSt85LnElcBYjL75YTPrkegB6p3pvEVtdlzvJQ5Em7nBrx63a6fwcl9bLXTI7BWLSYFQ-DB_TkrHYuOM046gwBkBFQoTG4C4lGo4FdUuDJB_H5AuMsN5k:1uYIJL:sMURN4maxLJNNnG93HUR-O71d1bMysGFb62v6Cl3fa8','2025-07-20 05:53:11.681382');
INSERT INTO django_session VALUES('12v7ndjja78vfma05rr8gtbb6enfbslg','.eJxVjDsOwyAQBe9CHSFYPsYp0_sMCHZXwUkEkrGrKHePLblI2jcz7y1i2tYSt85LnElcBYjL75YTPrkegB6p3pvEVtdlzvJQ5Em7nBrx63a6fwcl9bLXTI7BWLSYFQ-DB_TkrHYuOM046gwBkBFQoTG4C4lGo4FdUuDJB_H5AuMsN5k:1uYKsS:3niDyg-qALMOkmNCgj06Pb-qjvDR4HPLvzMc7YOx_SM','2025-07-20 08:37:36.475926');
INSERT INTO django_session VALUES('gg38hkq1dh3fowhf3avhaqu9f63qw384','.eJxVjDsOwyAQBe9CHSFYPsYp0_sMCHZXwUkEkrGrKHePLblI2jcz7y1i2tYSt85LnElcBYjL75YTPrkegB6p3pvEVtdlzvJQ5Em7nBrx63a6fwcl9bLXTI7BWLSYFQ-DB_TkrHYuOM046gwBkBFQoTG4C4lGo4FdUuDJB_H5AuMsN5k:1uYL5w:JazvHOzQCGSNrbVWk2KszRs-sTdZ8pIF6azwme2zJ5M','2025-07-20 08:51:32.855701');
INSERT INTO django_session VALUES('mapmkr923duj7mfe0fdaeo2wdcraqblt','.eJxVjDsOwyAQBe9CHSFYPsYp0_sMCHZXwUkEkrGrKHePLblI2jcz7y1i2tYSt85LnElcBYjL75YTPrkegB6p3pvEVtdlzvJQ5Em7nBrx63a6fwcl9bLXTI7BWLSYFQ-DB_TkrHYuOM046gwBkBFQoTG4C4lGo4FdUuDJB_H5AuMsN5k:1uYMwn:-qgc2PaHDNSjXbef72AZFlS2ETLh426kimgzisEDLIw','2025-07-20 10:50:13.404199');
INSERT INTO django_session VALUES('8vi5cc8a0gzgzfk5c836gmqo7ml3pq43','.eJxVjDsOwyAQBe9CHSFYPsYp0_sMCHZXwUkEkrGrKHePLblI2jcz7y1i2tYSt85LnElcBYjL75YTPrkegB6p3pvEVtdlzvJQ5Em7nBrx63a6fwcl9bLXTI7BWLSYFQ-DB_TkrHYuOM046gwBkBFQoTG4C4lGo4FdUuDJB_H5AuMsN5k:1uYN15:oL9AQkloNjaoHPhnB-Qzs2P6_ZeusbllTf_y4zIiuf4','2025-07-20 10:54:39.037147');
INSERT INTO django_session VALUES('qvt94euh1jb8lvk2xhsc2sdqveekktio','.eJxVjDsOwyAQBe9CHSFYPsYp0_sMCHZXwUkEkrGrKHePLblI2jcz7y1i2tYSt85LnElcBYjL75YTPrkegB6p3pvEVtdlzvJQ5Em7nBrx63a6fwcl9bLXTI7BWLSYFQ-DB_TkrHYuOM046gwBkBFQoTG4C4lGo4FdUuDJB_H5AuMsN5k:1uYN7V:KSL2IMJ70Badfw1aT9Ktdr3tvxtq7LofTzpNMmPjKu8','2025-07-20 11:01:17.568096');
INSERT INTO django_session VALUES('3kif68owcx6zgwejw4v0d10c0hocvcdf','.eJxVjDsOwyAQBe9CHSFYPsYp0_sMCHZXwUkEkrGrKHePLblI2jcz7y1i2tYSt85LnElcBYjL75YTPrkegB6p3pvEVtdlzvJQ5Em7nBrx63a6fwcl9bLXTI7BWLSYFQ-DB_TkrHYuOM046gwBkBFQoTG4C4lGo4FdUuDJB_H5AuMsN5k:1uYV7W:pJNWPlho4AGSQfTlZXgrBGykNXA1pQIE9uU4LXK2fsk','2025-07-20 19:33:50.730725');
INSERT INTO django_session VALUES('qr7uxu1kv4k5fg81bhae854kqsjfoh1g','.eJxVjDsOwyAQBe9CHSFYPsYp0_sMCHZXwUkEkrGrKHePLblI2jcz7y1i2tYSt85LnElcBYjL75YTPrkegB6p3pvEVtdlzvJQ5Em7nBrx63a6fwcl9bLXTI7BWLSYFQ-DB_TkrHYuOM046gwBkBFQoTG4C4lGo4FdUuDJB_H5AuMsN5k:1uYV7Y:CPX-ddL0vGTW8DC55QpS1ZTTbRhK9AdsCL_E-GdzNIc','2025-07-20 19:33:52.292342');
INSERT INTO django_session VALUES('n1b28497033y00o5fyffby9rtq2oax1j','.eJxVjDsOwyAQBe9CHSFYPsYp0_sMCHZXwUkEkrGrKHePLblI2jcz7y1i2tYSt85LnElcBYjL75YTPrkegB6p3pvEVtdlzvJQ5Em7nBrx63a6fwcl9bLXTI7BWLSYFQ-DB_TkrHYuOM046gwBkBFQoTG4C4lGo4FdUuDJB_H5AuMsN5k:1uYVAY:r4oTU-Qa8_OGcNvrwIixys44NAEeqTwcq1b6M38yceQ','2025-07-20 19:36:58.002517');
INSERT INTO django_session VALUES('rcl2147d5b3ylce2cmz118jgo7kwwxx1','.eJxVjDsOwyAQBe9CHSFYPsYp0_sMCHZXwUkEkrGrKHePLblI2jcz7y1i2tYSt85LnElcBYjL75YTPrkegB6p3pvEVtdlzvJQ5Em7nBrx63a6fwcl9bLXTI7BWLSYFQ-DB_TkrHYuOM046gwBkBFQoTG4C4lGo4FdUuDJB_H5AuMsN5k:1uZ0w4:urfrbChpc_9wShb9oa299Pvh_AXW2xK3xubPwJk5MAk','2025-07-22 05:32:08.086357');
INSERT INTO django_session VALUES('eh8g884yh3jsqjf3vtovz21chunl6yf9','.eJxVjDsOwyAQBe9CHSFYPsYp0_sMCHZXwUkEkrGrKHePLblI2jcz7y1i2tYSt85LnElcBYjL75YTPrkegB6p3pvEVtdlzvJQ5Em7nBrx63a6fwcl9bLXTI7BWLSYFQ-DB_TkrHYuOM046gwBkBFQoTG4C4lGo4FdUuDJB_H5AuMsN5k:1uZ1LG:wRnGt0ZvQGSv9cauTD_CQvch-8MMjGkP8rU2y9J_WX0','2025-07-22 05:58:10.294678');
INSERT INTO django_session VALUES('a9mp5hx63xb645yealwafoakgq8xytw0','.eJxVjDsOwyAQBe9CHSFYPsYp0_sMCHZXwUkEkrGrKHePLblI2jcz7y1i2tYSt85LnElcBYjL75YTPrkegB6p3pvEVtdlzvJQ5Em7nBrx63a6fwcl9bLXTI7BWLSYFQ-DB_TkrHYuOM046gwBkBFQoTG4C4lGo4FdUuDJB_H5AuMsN5k:1uZ3AY:3UsRi5ZP6VRio7qzKVf0oO4ogADp7x6ZVli2f34XUCQ','2025-07-22 07:55:14.768037');
INSERT INTO django_session VALUES('25tx7ugaf2lcua7asnzpfjxjdjo42tan','.eJxVjDsOwyAQBe9CHSFYPsYp0_sMCHZXwUkEkrGrKHePLblI2jcz7y1i2tYSt85LnElcBYjL75YTPrkegB6p3pvEVtdlzvJQ5Em7nBrx63a6fwcl9bLXTI7BWLSYFQ-DB_TkrHYuOM046gwBkBFQoTG4C4lGo4FdUuDJB_H5AuMsN5k:1uZ3Jh:NYcSpwWVXPEQccQKP7ymAkZZAzNtz1M8iUH_XTxhrTY','2025-07-22 08:04:41.551858');
INSERT INTO django_session VALUES('428y2lpv3i9fpr6gaugv5oty73l2gpx4','.eJxVjDsOwyAQBe9CHSFYPsYp0_sMCHZXwUkEkrGrKHePLblI2jcz7y1i2tYSt85LnElcBYjL75YTPrkegB6p3pvEVtdlzvJQ5Em7nBrx63a6fwcl9bLXTI7BWLSYFQ-DB_TkrHYuOM046gwBkBFQoTG4C4lGo4FdUuDJB_H5AuMsN5k:1uZ6Bj:z0zkoLaKQlDQtFR2j5VZ-56FWxFe04NGUZnofmAIiDY','2025-07-22 11:08:39.264334');
INSERT INTO django_session VALUES('o29lfpce6yv6knajixnmbioed6n2l0m9','.eJxVjDsOwyAQBe9CHSFYPsYp0_sMCHZXwUkEkrGrKHePLblI2jcz7y1i2tYSt85LnElcBYjL75YTPrkegB6p3pvEVtdlzvJQ5Em7nBrx63a6fwcl9bLXTI7BWLSYFQ-DB_TkrHYuOM046gwBkBFQoTG4C4lGo4FdUuDJB_H5AuMsN5k:1uZ7xq:G0YRTfVGventVDwQ1GOai1-cUYJIO5Mx4wfchvtZxX0','2025-07-22 13:02:26.908673');
INSERT INTO django_session VALUES('94s3wdw6aebsn1czyn8fi49kycuah30z','.eJxVjDsOwyAQBe9CHSFYPsYp0_sMCHZXwUkEkrGrKHePLblI2jcz7y1i2tYSt85LnElcBYjL75YTPrkegB6p3pvEVtdlzvJQ5Em7nBrx63a6fwcl9bLXTI7BWLSYFQ-DB_TkrHYuOM046gwBkBFQoTG4C4lGo4FdUuDJB_H5AuMsN5k:1uZ8HQ:6Mq56aKMOVSchc2FEyd6EDhVAVC8tQLIqZ2SQvLLX28','2025-07-22 13:22:40.897770');
INSERT INTO django_session VALUES('mmlb249e5xfpg7ac3zb8oeoskjfgmuko','.eJxVjDsOwyAQBe9CHSFYPsYp0_sMCHZXwUkEkrGrKHePLblI2jcz7y1i2tYSt85LnElcBYjL75YTPrkegB6p3pvEVtdlzvJQ5Em7nBrx63a6fwcl9bLXTI7BWLSYFQ-DB_TkrHYuOM046gwBkBFQoTG4C4lGo4FdUuDJB_H5AuMsN5k:1uZ8HR:T4_TRvDgcKFHQsN2rmlW6-d7We6nat56W-ma7Xz9JS0','2025-07-22 13:22:41.432025');
INSERT INTO django_session VALUES('ucscmznkxpzys65wu00m5hag4zr1cqdo','.eJxVjDsOwyAQBe9CHSFYPsYp0_sMCHZXwUkEkrGrKHePLblI2jcz7y1i2tYSt85LnElcBYjL75YTPrkegB6p3pvEVtdlzvJQ5Em7nBrx63a6fwcl9bLXTI7BWLSYFQ-DB_TkrHYuOM046gwBkBFQoTG4C4lGo4FdUuDJB_H5AuMsN5k:1uZB3p:KM_cZkw5e5UVRARwPG2eSxAkcv93ffS8L_ZFzBJDIPU','2025-07-22 16:20:49.920494');
INSERT INTO django_session VALUES('ec38iyffeqz4mm6xzcjic9o3pdiwv4hp','.eJxVjDsOwyAQBe9CHSFYPsYp0_sMCHZXwUkEkrGrKHePLblI2jcz7y1i2tYSt85LnElcBYjL75YTPrkegB6p3pvEVtdlzvJQ5Em7nBrx63a6fwcl9bLXTI7BWLSYFQ-DB_TkrHYuOM046gwBkBFQoTG4C4lGo4FdUuDJB_H5AuMsN5k:1uZBHl:jr8RNqfsUABRlbNn03zSkPsOdljBugpkwjcibiSmYTM','2025-07-22 16:35:13.754430');
INSERT INTO django_session VALUES('ztr4vrkh6e1p6nhwy9todyn3tn3dsi6i','.eJxVjDsOwyAQBe9CHSFYPsYp0_sMCHZXwUkEkrGrKHePLblI2jcz7y1i2tYSt85LnElcBYjL75YTPrkegB6p3pvEVtdlzvJQ5Em7nBrx63a6fwcl9bLXTI7BWLSYFQ-DB_TkrHYuOM046gwBkBFQoTG4C4lGo4FdUuDJB_H5AuMsN5k:1uZBQk:j28Oao5I4Ae6jtSh4jccsy8Zoi4Vr2xx-qWuefTcgwI','2025-07-22 16:44:30.835673');
INSERT INTO django_session VALUES('dxixt38ne798a1zkbm2mz25sd5p2c9w0','.eJxVjDsOwyAQBe9CHSFYPsYp0_sMCHZXwUkEkrGrKHePLblI2jcz7y1i2tYSt85LnElcBYjL75YTPrkegB6p3pvEVtdlzvJQ5Em7nBrx63a6fwcl9bLXTI7BWLSYFQ-DB_TkrHYuOM046gwBkBFQoTG4C4lGo4FdUuDJB_H5AuMsN5k:1uZNfF:CWqunLqSP1mOZxDvYdYXIvYjDK4nOnjLoDi1YtMEkZ4','2025-07-23 05:48:17.046177');
INSERT INTO django_session VALUES('488sbrp21cf84rm0d7tw9psqm8gmqk0d','.eJxVjDsOwyAQBe9CHSFYPsYp0_sMCHZXwUkEkrGrKHePLblI2jcz7y1i2tYSt85LnElcBYjL75YTPrkegB6p3pvEVtdlzvJQ5Em7nBrx63a6fwcl9bLXTI7BWLSYFQ-DB_TkrHYuOM046gwBkBFQoTG4C4lGo4FdUuDJB_H5AuMsN5k:1uZNkC:KKu5S1l8GZ9ysuNFcPeI5I7euF3PMSonnJqUr5w4AuA','2025-07-23 05:53:24.312996');
INSERT INTO django_session VALUES('90335bq4hcsjmp2h8c06b1z4nqy8wo7y','.eJxVjDsOwyAQBe9CHSFYPsYp0_sMCHZXwUkEkrGrKHePLblI2jcz7y1i2tYSt85LnElcBYjL75YTPrkegB6p3pvEVtdlzvJQ5Em7nBrx63a6fwcl9bLXTI7BWLSYFQ-DB_TkrHYuOM046gwBkBFQoTG4C4lGo4FdUuDJB_H5AuMsN5k:1uZNu5:yaTp-J7NA_tJ5ryzi3WjCRRzCtPCri7t0rUicgH7kv4','2025-07-23 06:03:37.329923');
INSERT INTO django_session VALUES('5pfyb654m4m6s6i3cghizoa1h51kz1i5','.eJxVjDsOwyAQBe9CHSFYPsYp0_sMCHZXwUkEkrGrKHePLblI2jcz7y1i2tYSt85LnElcBYjL75YTPrkegB6p3pvEVtdlzvJQ5Em7nBrx63a6fwcl9bLXTI7BWLSYFQ-DB_TkrHYuOM046gwBkBFQoTG4C4lGo4FdUuDJB_H5AuMsN5k:1uZNu6:6BCjKImHFxRtPeo9RGTa5XkGSw3xPjw8Hoo7QNjCo0Q','2025-07-23 06:03:38.455603');
INSERT INTO django_session VALUES('h4kjuty02fhp44ezr89e0nk8fa7arshh','.eJxVjDsOwyAQBe9CHSFYPsYp0_sMCHZXwUkEkrGrKHePLblI2jcz7y1i2tYSt85LnElcBYjL75YTPrkegB6p3pvEVtdlzvJQ5Em7nBrx63a6fwcl9bLXTI7BWLSYFQ-DB_TkrHYuOM046gwBkBFQoTG4C4lGo4FdUuDJB_H5AuMsN5k:1uZO9j:h9b7rz9_u3UrdVYE3bBiN9zKiLHZ6Lau3TOTqSbEqL4','2025-07-23 06:19:47.118099');
INSERT INTO django_session VALUES('shtq17v5izpnhqaz7fhmxekngl4579qq','.eJxVjDsOwyAQBe9CHSFYPsYp0_sMCHZXwUkEkrGrKHePLblI2jcz7y1i2tYSt85LnElcBYjL75YTPrkegB6p3pvEVtdlzvJQ5Em7nBrx63a6fwcl9bLXTI7BWLSYFQ-DB_TkrHYuOM046gwBkBFQoTG4C4lGo4FdUuDJB_H5AuMsN5k:1uZOIT:rxd5Fch4VNHeeE0x2Cuu6AeGNJitM-7-kFYgb0ojvLI','2025-07-23 06:28:49.013976');
INSERT INTO django_session VALUES('eun0mpmp6ujse1j8gn9tfwjq1u688hig','.eJxVjDsOwyAQBe9CHSFYPsYp0_sMCHZXwUkEkrGrKHePLblI2jcz7y1i2tYSt85LnElcBYjL75YTPrkegB6p3pvEVtdlzvJQ5Em7nBrx63a6fwcl9bLXTI7BWLSYFQ-DB_TkrHYuOM046gwBkBFQoTG4C4lGo4FdUuDJB_H5AuMsN5k:1uZP1d:UKgRVNoUIClrOOzVzabT4eoUltT8ON8wiP89VuG1fsM','2025-07-23 07:15:29.572298');
INSERT INTO django_session VALUES('9dgydirose5sjj7si0xyej3gfny7huvm','.eJxVjDsOwyAQBe9CHSFYPsYp0_sMCHZXwUkEkrGrKHePLblI2jcz7y1i2tYSt85LnElcBYjL75YTPrkegB6p3pvEVtdlzvJQ5Em7nBrx63a6fwcl9bLXTI7BWLSYFQ-DB_TkrHYuOM046gwBkBFQoTG4C4lGo4FdUuDJB_H5AuMsN5k:1uZPdm:1blotCkKm9yzp4ysD8R8s0T8IpNjmVtLK6ZGQrschyE','2025-07-23 07:54:54.025107');
INSERT INTO django_session VALUES('e1f26zclgq39hxh54nxkrtas9a6f97pb','.eJxVjDsOwyAQBe9CHSFYPsYp0_sMCHZXwUkEkrGrKHePLblI2jcz7y1i2tYSt85LnElcBYjL75YTPrkegB6p3pvEVtdlzvJQ5Em7nBrx63a6fwcl9bLXTI7BWLSYFQ-DB_TkrHYuOM046gwBkBFQoTG4C4lGo4FdUuDJB_H5AuMsN5k:1uZQLm:NnReEzDhXoS9iZcpN_gwzCQ6qdc2ovxGJjr9D3bSSTE','2025-07-23 08:40:22.287665');
INSERT INTO django_session VALUES('3zhyecntmrzi80dxw74ueyrtesq7ur02','.eJxVjDsOwyAQBe9CHSFYPsYp0_sMCHZXwUkEkrGrKHePLblI2jcz7y1i2tYSt85LnElcBYjL75YTPrkegB6p3pvEVtdlzvJQ5Em7nBrx63a6fwcl9bLXTI7BWLSYFQ-DB_TkrHYuOM046gwBkBFQoTG4C4lGo4FdUuDJB_H5AuMsN5k:1uZSG0:45BsxW8MyDWlUXmM8ixYGWO2xNws9qpIM6D4TA3AFPw','2025-07-23 10:42:32.856913');
INSERT INTO django_session VALUES('dty8lvyqer9owi6opvijozl1ku66dexr','.eJxVjDsOwyAQBe9CHSFYPsYp0_sMCHZXwUkEkrGrKHePLblI2jcz7y1i2tYSt85LnElcBYjL75YTPrkegB6p3pvEVtdlzvJQ5Em7nBrx63a6fwcl9bLXTI7BWLSYFQ-DB_TkrHYuOM046gwBkBFQoTG4C4lGo4FdUuDJB_H5AuMsN5k:1uZlkt:i0wZXrvXCQhykM1vVdg4y11G4QyfIMiMr649ihHzyBE','2025-07-24 07:31:43.590327');
INSERT INTO django_session VALUES('hy6y1ptoszmm8r22oe640l90l99qtynq','.eJxVjDsOwyAQBe9CHSFYPsYp0_sMCHZXwUkEkrGrKHePLblI2jcz7y1i2tYSt85LnElcBYjL75YTPrkegB6p3pvEVtdlzvJQ5Em7nBrx63a6fwcl9bLXTI7BWLSYFQ-DB_TkrHYuOM046gwBkBFQoTG4C4lGo4FdUuDJB_H5AuMsN5k:1uZmG1:vOzg4Apb4nj-U50N2AsnP_M3dA2D3Y5ImwESpzF4kcs','2025-07-24 08:03:53.388131');
INSERT INTO django_session VALUES('skyvmyyeq08hpzcwe99e1c5doqkmi1qr','.eJxVjDsOwyAQBe9CHSFYPsYp0_sMCHZXwUkEkrGrKHePLblI2jcz7y1i2tYSt85LnElcBYjL75YTPrkegB6p3pvEVtdlzvJQ5Em7nBrx63a6fwcl9bLXTI7BWLSYFQ-DB_TkrHYuOM046gwBkBFQoTG4C4lGo4FdUuDJB_H5AuMsN5k:1uZoVE:eUUGkJ23TrFiqtcwbfhn23_P52Tfs4A4hT13zD5cqb8','2025-07-24 10:27:44.624852');
INSERT INTO django_session VALUES('xxg6alnlhfhpqwd560a1awl1mvow42ya','.eJxVjDsOwyAQBe9CHSFYPsYp0_sMCHZXwUkEkrGrKHePLblI2jcz7y1i2tYSt85LnElcBYjL75YTPrkegB6p3pvEVtdlzvJQ5Em7nBrx63a6fwcl9bLXTI7BWLSYFQ-DB_TkrHYuOM046gwBkBFQoTG4C4lGo4FdUuDJB_H5AuMsN5k:1uZoft:R849ekWW-lntPn5simKZ88cqR0Qtt7iiOtS_OtikX50','2025-07-24 10:38:45.441427');
INSERT INTO django_session VALUES('mjlz4jdbcfrvf55sy84cwp2lil8hfa96','.eJxVjDsOwyAQBe9CHSFYPsYp0_sMCHZXwUkEkrGrKHePLblI2jcz7y1i2tYSt85LnElcBYjL75YTPrkegB6p3pvEVtdlzvJQ5Em7nBrx63a6fwcl9bLXTI7BWLSYFQ-DB_TkrHYuOM046gwBkBFQoTG4C4lGo4FdUuDJB_H5AuMsN5k:1uZqPT:jHndEfgD624I3Hw2fdmGZjl8gbeyzQvG4cUZKy02BRs','2025-07-24 12:29:55.026833');
INSERT INTO django_session VALUES('f2hjhnmglbskm8wu0vihrmh8i68x5y9d','.eJxVjDsOwyAQBe9CHSFYPsYp0_sMCHZXwUkEkrGrKHePLblI2jcz7y1i2tYSt85LnElcBYjL75YTPrkegB6p3pvEVtdlzvJQ5Em7nBrx63a6fwcl9bLXTI7BWLSYFQ-DB_TkrHYuOM046gwBkBFQoTG4C4lGo4FdUuDJB_H5AuMsN5k:1uZxme:GhSsJSe2hUTr7V-3q0l6arEbILUaXpF66rbNBv0iSL4','2025-07-24 20:22:20.791366');
INSERT INTO django_session VALUES('fq89rdjenb44pobiewcfhfya525dz6xx','.eJxVjDsOwyAQBe9CHSFYPsYp0_sMCHZXwUkEkrGrKHePLblI2jcz7y1i2tYSt85LnElcBYjL75YTPrkegB6p3pvEVtdlzvJQ5Em7nBrx63a6fwcl9bLXTI7BWLSYFQ-DB_TkrHYuOM046gwBkBFQoTG4C4lGo4FdUuDJB_H5AuMsN5k:1ua8Px:3jVa3SFBNMiJqHGC-440FQkdHJf-_15wJe4VzFHSKUs','2025-07-25 07:43:37.909144');
INSERT INTO django_session VALUES('hc89rb1i3uefcjan8lgg4rev1jehod8g','.eJxVjDsOwyAQBe9CHSFYPsYp0_sMCHZXwUkEkrGrKHePLblI2jcz7y1i2tYSt85LnElcBYjL75YTPrkegB6p3pvEVtdlzvJQ5Em7nBrx63a6fwcl9bLXTI7BWLSYFQ-DB_TkrHYuOM046gwBkBFQoTG4C4lGo4FdUuDJB_H5AuMsN5k:1uaCfS:7UUqqnvfPR0Aeca6TA4LuulN3VL4cZqF1cNbUpgO1jg','2025-07-25 12:15:54.578710');
INSERT INTO django_session VALUES('jgf4gipv9ym7412ppiio933tbu14ro9r','.eJxVjDsOwyAQBe9CHSFYPsYp0_sMCHZXwUkEkrGrKHePLblI2jcz7y1i2tYSt85LnElcBYjL75YTPrkegB6p3pvEVtdlzvJQ5Em7nBrx63a6fwcl9bLXTI7BWLSYFQ-DB_TkrHYuOM046gwBkBFQoTG4C4lGo4FdUuDJB_H5AuMsN5k:1uaCi3:VWWSaxpSySh2Xrjj9Ax3vYRusE4pmu-eoODmpSNzpak','2025-07-25 12:18:35.617682');
INSERT INTO django_session VALUES('h791pmhasz9txqv84uvccb732goke4gb','.eJxVjDsOwyAQBe9CHSFYPsYp0_sMCHZXwUkEkrGrKHePLblI2jcz7y1i2tYSt85LnElcBYjL75YTPrkegB6p3pvEVtdlzvJQ5Em7nBrx63a6fwcl9bLXTI7BWLSYFQ-DB_TkrHYuOM046gwBkBFQoTG4C4lGo4FdUuDJB_H5AuMsN5k:1uaD0R:ehahznaOTrdNwa5vQvqtIP_fz_0IX2lPaB_qp7m70qo','2025-07-25 12:37:35.742625');
INSERT INTO django_session VALUES('m1cfs9tcfrgpoqqacft9yvm69jnrqg8d','.eJxVjDsOwyAQBe9CHSFYPsYp0_sMCHZXwUkEkrGrKHePLblI2jcz7y1i2tYSt85LnElcBYjL75YTPrkegB6p3pvEVtdlzvJQ5Em7nBrx63a6fwcl9bLXTI7BWLSYFQ-DB_TkrHYuOM046gwBkBFQoTG4C4lGo4FdUuDJB_H5AuMsN5k:1uaDVg:6HOoXQ06hlMbGAzceuk9K-lbeyMI8JrZ1A-yT6wwtrk','2025-07-25 13:09:52.436515');
INSERT INTO django_session VALUES('42z7znij93hk6gwaaixmhju3i5k22z2d','.eJxVjDsOwyAQBe9CHSFYPsYp0_sMCHZXwUkEkrGrKHePLblI2jcz7y1i2tYSt85LnElcBYjL75YTPrkegB6p3pvEVtdlzvJQ5Em7nBrx63a6fwcl9bLXTI7BWLSYFQ-DB_TkrHYuOM046gwBkBFQoTG4C4lGo4FdUuDJB_H5AuMsN5k:1uaFGP:6RPKd0WEdB6fOdhib8kmhEfmhr1asZqaXcI40kyMloM','2025-07-25 15:02:13.817115');
INSERT INTO django_session VALUES('0q6gxvjxgbkqqwpr6y713dmratsbs3a3','.eJxVjDsOwyAQBe9CHSFYPsYp0_sMCHZXwUkEkrGrKHePLblI2jcz7y1i2tYSt85LnElcBYjL75YTPrkegB6p3pvEVtdlzvJQ5Em7nBrx63a6fwcl9bLXTI7BWLSYFQ-DB_TkrHYuOM046gwBkBFQoTG4C4lGo4FdUuDJB_H5AuMsN5k:1uaIHO:UZfqRHSVNg3NLiTCQzpX4-zLcpco4CX-vNrfEZocCF4','2025-07-25 18:15:26.361469');
INSERT INTO django_session VALUES('iwimyqicm958vqyhbn1nbu9e01suts7f','.eJxVjDsOwyAQBe9CHSFYPsYp0_sMCHZXwUkEkrGrKHePLblI2jcz7y1i2tYSt85LnElcBYjL75YTPrkegB6p3pvEVtdlzvJQ5Em7nBrx63a6fwcl9bLXTI7BWLSYFQ-DB_TkrHYuOM046gwBkBFQoTG4C4lGo4FdUuDJB_H5AuMsN5k:1uaT9k:scoAnLfsCx2UKZLlNN0h-Vlgf6SDEHGkxdMp_WL6s0w','2025-07-26 05:52:16.083943');
INSERT INTO django_session VALUES('xap72pwci4fkihpex37kht61te6ap5g0','.eJxVjDsOwyAQBe9CHSFYPsYp0_sMCHZXwUkEkrGrKHePLblI2jcz7y1i2tYSt85LnElcBYjL75YTPrkegB6p3pvEVtdlzvJQ5Em7nBrx63a6fwcl9bLXTI7BWLSYFQ-DB_TkrHYuOM046gwBkBFQoTG4C4lGo4FdUuDJB_H5AuMsN5k:1uaTIS:AZ8oj74fIRr8-u2Nzp_wfR3Cfet5LNcahVFdj5MxaL0','2025-07-26 06:01:16.758679');
INSERT INTO django_session VALUES('9x7wdpya5y59bt7fasemwywtx9ehqzai','.eJxVjDsOwyAQBe9CHSFYPsYp0_sMCHZXwUkEkrGrKHePLblI2jcz7y1i2tYSt85LnElcBYjL75YTPrkegB6p3pvEVtdlzvJQ5Em7nBrx63a6fwcl9bLXTI7BWLSYFQ-DB_TkrHYuOM046gwBkBFQoTG4C4lGo4FdUuDJB_H5AuMsN5k:1uaUTy:59NFQfXz9M5EKFHvSP8PLM8akiNkcKaT-wtrthKxm2Q','2025-07-26 07:17:14.890292');
INSERT INTO django_session VALUES('rkmbhnkhhqou6tgbjc79sxv7epk07uto','.eJxVjDsOwyAQBe9CHSFYPsYp0_sMCHZXwUkEkrGrKHePLblI2jcz7y1i2tYSt85LnElcBYjL75YTPrkegB6p3pvEVtdlzvJQ5Em7nBrx63a6fwcl9bLXTI7BWLSYFQ-DB_TkrHYuOM046gwBkBFQoTG4C4lGo4FdUuDJB_H5AuMsN5k:1uaV2a:5P0Sl4z9eXZ1mmp_NEdQm4uVKmu9BwaxciymiB7Cvc4','2025-07-26 07:53:00.955885');
INSERT INTO django_session VALUES('ql0gks4b3ih122w1cvovxn0keln954x4','.eJxVjDsOwyAQBe9CHSFYPsYp0_sMCHZXwUkEkrGrKHePLblI2jcz7y1i2tYSt85LnElcBYjL75YTPrkegB6p3pvEVtdlzvJQ5Em7nBrx63a6fwcl9bLXTI7BWLSYFQ-DB_TkrHYuOM046gwBkBFQoTG4C4lGo4FdUuDJB_H5AuMsN5k:1uaV2b:g6zuy1yMCkF6aNsFAOuoXFR06DsApf81S82WIELE2Mo','2025-07-26 07:53:01.242131');
INSERT INTO django_session VALUES('w2bmtzfvvy5yoi9pxomgko0eacyxneig','.eJxVjDsOwyAQBe9CHSFYPsYp0_sMCHZXwUkEkrGrKHePLblI2jcz7y1i2tYSt85LnElcBYjL75YTPrkegB6p3pvEVtdlzvJQ5Em7nBrx63a6fwcl9bLXTI7BWLSYFQ-DB_TkrHYuOM046gwBkBFQoTG4C4lGo4FdUuDJB_H5AuMsN5k:1uaVHN:ZYd5Y8APU6PDX93kDVVZN2-YAouFnJi39E9h0smweuE','2025-07-26 08:08:17.363195');
INSERT INTO django_session VALUES('rt2qvm6yralqw941s3ex133j7a5pcxt0','.eJxVjDsOwyAQBe9CHSFYPsYp0_sMCHZXwUkEkrGrKHePLblI2jcz7y1i2tYSt85LnElcBYjL75YTPrkegB6p3pvEVtdlzvJQ5Em7nBrx63a6fwcl9bLXTI7BWLSYFQ-DB_TkrHYuOM046gwBkBFQoTG4C4lGo4FdUuDJB_H5AuMsN5k:1uaVWq:i6ZOOG-2oAIpLVUWEH4KjsH55hfknI8i3aWZzLTwXKQ','2025-07-26 08:24:16.365182');
INSERT INTO django_session VALUES('wl6uh98ir1rdp488fkvsee7uegjmcjf0','.eJxVjDsOwyAQBe9CHSFYPsYp0_sMCHZXwUkEkrGrKHePLblI2jcz7y1i2tYSt85LnElcBYjL75YTPrkegB6p3pvEVtdlzvJQ5Em7nBrx63a6fwcl9bLXTI7BWLSYFQ-DB_TkrHYuOM046gwBkBFQoTG4C4lGo4FdUuDJB_H5AuMsN5k:1uaVh8:0op6CjJEtsH61473MXsO86rnihQ1T3foV63XLh_OXCw','2025-07-26 08:34:54.968611');
INSERT INTO django_session VALUES('jqn4k4qheygx2hrvrsgw4nmifrk3qkdh','.eJxVjDsOwyAQBe9CHSFYPsYp0_sMCHZXwUkEkrGrKHePLblI2jcz7y1i2tYSt85LnElcBYjL75YTPrkegB6p3pvEVtdlzvJQ5Em7nBrx63a6fwcl9bLXTI7BWLSYFQ-DB_TkrHYuOM046gwBkBFQoTG4C4lGo4FdUuDJB_H5AuMsN5k:1uaVqL:xEyPg8n_YamEAn3eobBI_fYE5ymXN-YBuTB7xKru_JA','2025-07-26 08:44:25.229591');
INSERT INTO django_session VALUES('clrnrazlejhf8xhg79zn2hqv01wszbbr','.eJxVjDsOwyAQBe9CHSFYPsYp0_sMCHZXwUkEkrGrKHePLblI2jcz7y1i2tYSt85LnElcBYjL75YTPrkegB6p3pvEVtdlzvJQ5Em7nBrx63a6fwcl9bLXTI7BWLSYFQ-DB_TkrHYuOM046gwBkBFQoTG4C4lGo4FdUuDJB_H5AuMsN5k:1uaX0s:5fOVM7AcHkZ4vkH0snABMtCcDxpCULSuudFTWZTN7cg','2025-07-26 09:59:22.494713');
INSERT INTO django_session VALUES('s25ywvpkxsekizjn0qje0u8x5wxda1nf','.eJxVjDsOwyAQBe9CHSFYPsYp0_sMCHZXwUkEkrGrKHePLblI2jcz7y1i2tYSt85LnElcBYjL75YTPrkegB6p3pvEVtdlzvJQ5Em7nBrx63a6fwcl9bLXTI7BWLSYFQ-DB_TkrHYuOM046gwBkBFQoTG4C4lGo4FdUuDJB_H5AuMsN5k:1uaXfq:zPqhm7jKXVNQMRnzXxKJlip9fac7u19S_6a7kR2nfGc','2025-07-26 10:41:42.061496');
INSERT INTO django_session VALUES('zxs2y0y8lscisvoin5y3hwztl4gx2tgk','.eJxVjDsOwyAQBe9CHSFYPsYp0_sMCHZXwUkEkrGrKHePLblI2jcz7y1i2tYSt85LnElcBYjL75YTPrkegB6p3pvEVtdlzvJQ5Em7nBrx63a6fwcl9bLXTI7BWLSYFQ-DB_TkrHYuOM046gwBkBFQoTG4C4lGo4FdUuDJB_H5AuMsN5k:1uaY4W:7G_sqmS0HDq2LlAzvOKed239hKG2BK1xKTdOi9qslRM','2025-07-26 11:07:12.545990');
INSERT INTO django_session VALUES('68xpstm0s4tzhtnzrsje3ue1jb5ozwmg','.eJxVjDsOwyAQBe9CHSFYPsYp0_sMCHZXwUkEkrGrKHePLblI2jcz7y1i2tYSt85LnElcBYjL75YTPrkegB6p3pvEVtdlzvJQ5Em7nBrx63a6fwcl9bLXTI7BWLSYFQ-DB_TkrHYuOM046gwBkBFQoTG4C4lGo4FdUuDJB_H5AuMsN5k:1uago0:tqiNvU3fTb47JFnS3BqHoueOjBVvJ8z2qNQiyRzvuaY','2025-07-26 20:26:44.631577');
INSERT INTO django_session VALUES('wlqd1aam2lk68j1am3uo19zkgu56vri7','.eJxVjDsOwyAQBe9CHSFYPsYp0_sMCHZXwUkEkrGrKHePLblI2jcz7y1i2tYSt85LnElcBYjL75YTPrkegB6p3pvEVtdlzvJQ5Em7nBrx63a6fwcl9bLXTI7BWLSYFQ-DB_TkrHYuOM046gwBkBFQoTG4C4lGo4FdUuDJB_H5AuMsN5k:1uaqmk:M3HGk1NrNqnKJBrzQpgEiEo9-Z1_kOBXZoWRlxAEw6Y','2025-07-27 07:06:06.992272');
INSERT INTO django_session VALUES('15cnfc0cr7xds6jvf2762nwcq8x198i3','.eJxVjDsOwyAQBe9CHSFYPsYp0_sMCHZXwUkEkrGrKHePLblI2jcz7y1i2tYSt85LnElcBYjL75YTPrkegB6p3pvEVtdlzvJQ5Em7nBrx63a6fwcl9bLXTI7BWLSYFQ-DB_TkrHYuOM046gwBkBFQoTG4C4lGo4FdUuDJB_H5AuMsN5k:1uarZ9:3K-1-y_xAZ9LZMMRTCbwPWAaUc1QRC0kyFVtD8Mlms0','2025-07-27 07:56:07.347478');
INSERT INTO django_session VALUES('mx0tgrhm5sa547cfo3pvjto2a0p9axit','.eJxVjDsOwyAQBe9CHSFYPsYp0_sMCHZXwUkEkrGrKHePLblI2jcz7y1i2tYSt85LnElcBYjL75YTPrkegB6p3pvEVtdlzvJQ5Em7nBrx63a6fwcl9bLXTI7BWLSYFQ-DB_TkrHYuOM046gwBkBFQoTG4C4lGo4FdUuDJB_H5AuMsN5k:1uarip:-c-0YTxYQ5MlW43bcq-eNBHtjHed9vc6lVJ-U81gcTw','2025-07-27 08:06:07.168544');
INSERT INTO django_session VALUES('um0b17bvyrbr8b2jpbla3djphpzgahpe','.eJxVjDsOwyAQBe9CHSFYPsYp0_sMCHZXwUkEkrGrKHePLblI2jcz7y1i2tYSt85LnElcBYjL75YTPrkegB6p3pvEVtdlzvJQ5Em7nBrx63a6fwcl9bLXTI7BWLSYFQ-DB_TkrHYuOM046gwBkBFQoTG4C4lGo4FdUuDJB_H5AuMsN5k:1uarkT:_dZo18k1XhYd-NSMefn4z0HMrxz9ZpVpxM3BZB-5wH8','2025-07-27 08:07:49.099328');
INSERT INTO django_session VALUES('pryqduvp4o3fylr36t6bukly7sfzatc1','.eJxVjDsOwyAQBe9CHSFYPsYp0_sMCHZXwUkEkrGrKHePLblI2jcz7y1i2tYSt85LnElcBYjL75YTPrkegB6p3pvEVtdlzvJQ5Em7nBrx63a6fwcl9bLXTI7BWLSYFQ-DB_TkrHYuOM046gwBkBFQoTG4C4lGo4FdUuDJB_H5AuMsN5k:1uauoD:2fyXo8O_kzPNyenThh7S1IRqAohd8Koomr2yH9fkQv8','2025-07-27 11:23:53.449272');
INSERT INTO django_session VALUES('apcmiacy3p29vzebwy1laf5gib53kuo9','.eJxVjDsOwyAQBe9CHSFYPsYp0_sMCHZXwUkEkrGrKHePLblI2jcz7y1i2tYSt85LnElcBYjL75YTPrkegB6p3pvEVtdlzvJQ5Em7nBrx63a6fwcl9bLXTI7BWLSYFQ-DB_TkrHYuOM046gwBkBFQoTG4C4lGo4FdUuDJB_H5AuMsN5k:1uavgc:L9yN4Ox-abdQ4WbE8wtYSB62rf6lcE2x9ZZt5swDGuo','2025-07-27 12:20:06.711818');
INSERT INTO django_session VALUES('w4861f5mezrxzusqkdepoxwbwurimmcz','.eJxVjDsOwyAQBe9CHSFYPsYp0_sMCHZXwUkEkrGrKHePLblI2jcz7y1i2tYSt85LnElcBYjL75YTPrkegB6p3pvEVtdlzvJQ5Em7nBrx63a6fwcl9bLXTI7BWLSYFQ-DB_TkrHYuOM046gwBkBFQoTG4C4lGo4FdUuDJB_H5AuMsN5k:1uavqv:yPFCs1cRhTmLucsSIh-E3wLG6jkfz0cLL1SBNFfmGG0','2025-07-27 12:30:45.279598');
INSERT INTO django_session VALUES('6prrwz14kujkhtov0w71mktv2xjc9ysp','.eJxVjDsOwyAQBe9CHSFYPsYp0_sMCHZXwUkEkrGrKHePLblI2jcz7y1i2tYSt85LnElcBYjL75YTPrkegB6p3pvEVtdlzvJQ5Em7nBrx63a6fwcl9bLXTI7BWLSYFQ-DB_TkrHYuOM046gwBkBFQoTG4C4lGo4FdUuDJB_H5AuMsN5k:1uawD7:gQ3VJCcZtENP9VOg6jnLZxxrKgNRSY39W_JVbLThvBw','2025-07-27 12:53:41.181333');
INSERT INTO django_session VALUES('2t4pz7v0m3981do32x75qqa8ze804cpp','.eJxVjDsOwyAQBe9CHSFYPsYp0_sMCHZXwUkEkrGrKHePLblI2jcz7y1i2tYSt85LnElcBYjL75YTPrkegB6p3pvEVtdlzvJQ5Em7nBrx63a6fwcl9bLXTI7BWLSYFQ-DB_TkrHYuOM046gwBkBFQoTG4C4lGo4FdUuDJB_H5AuMsN5k:1ubCz3:kiik4TDqZ_l1TTKUuWjbHZ0uMexMyx7u6R0SnqmwQUQ','2025-07-28 06:48:17.264190');
INSERT INTO django_session VALUES('v4nnkwmxo2zy5bzb4tcmoxulvxnklumh','.eJxVjDsOwyAQBe9CHSFYPsYp0_sMCHZXwUkEkrGrKHePLblI2jcz7y1i2tYSt85LnElcBYjL75YTPrkegB6p3pvEVtdlzvJQ5Em7nBrx63a6fwcl9bLXTI7BWLSYFQ-DB_TkrHYuOM046gwBkBFQoTG4C4lGo4FdUuDJB_H5AuMsN5k:1ubDPr:K1j82TuXr1CDu6ZipmUyBLyjvbJAmR2hh54gJJ3Ze4g','2025-07-28 07:15:59.410535');
INSERT INTO django_session VALUES('965myoo0ta8tuyg379rp9i4rdiii1475','.eJxVjDsOwyAQBe9CHSFYPsYp0_sMCHZXwUkEkrGrKHePLblI2jcz7y1i2tYSt85LnElcBYjL75YTPrkegB6p3pvEVtdlzvJQ5Em7nBrx63a6fwcl9bLXTI7BWLSYFQ-DB_TkrHYuOM046gwBkBFQoTG4C4lGo4FdUuDJB_H5AuMsN5k:1ubDdU:SOZHOQRtMTmF23e_-6H9GvG1WHlqskIfAUqCGirphnc','2025-07-28 07:30:04.251410');
INSERT INTO django_session VALUES('z6j0uqq7v64ajgiqbdi2059ddk7j2vig','.eJxVjDsOwyAQBe9CHSFYPsYp0_sMCHZXwUkEkrGrKHePLblI2jcz7y1i2tYSt85LnElcBYjL75YTPrkegB6p3pvEVtdlzvJQ5Em7nBrx63a6fwcl9bLXTI7BWLSYFQ-DB_TkrHYuOM046gwBkBFQoTG4C4lGo4FdUuDJB_H5AuMsN5k:1ubEcv:2KdOBn77DtU-PeHZYfFkdCQCsV0vaEDO0ENIeINCUnA','2025-07-28 08:33:33.126112');
INSERT INTO django_session VALUES('b9e4tyjknd6nztth9bl6a5rr68z1gcvv','.eJxVjDsOwyAQBe9CHSFYPsYp0_sMCHZXwUkEkrGrKHePLblI2jcz7y1i2tYSt85LnElcBYjL75YTPrkegB6p3pvEVtdlzvJQ5Em7nBrx63a6fwcl9bLXTI7BWLSYFQ-DB_TkrHYuOM046gwBkBFQoTG4C4lGo4FdUuDJB_H5AuMsN5k:1ubEeN:DHokMyt8SKcaQvdM33GsPkzRFbGZ4bDFF5jTHQeufzQ','2025-07-28 08:35:03.866514');
INSERT INTO django_session VALUES('j2avxmwkxypw9ks2sna7wb84n572pbhl','.eJxVjDsOwyAQBe9CHSFYPsYp0_sMCHZXwUkEkrGrKHePLblI2jcz7y1i2tYSt85LnElcBYjL75YTPrkegB6p3pvEVtdlzvJQ5Em7nBrx63a6fwcl9bLXTI7BWLSYFQ-DB_TkrHYuOM046gwBkBFQoTG4C4lGo4FdUuDJB_H5AuMsN5k:1ubEyz:rURUN3z0t5Ty6wnAJp6Cvpzy1gKv6qOWJ9EyQy_8rMg','2025-07-28 08:56:21.921465');
INSERT INTO django_session VALUES('otca7ruup4h49pauc0obpl7za6qxmydq','.eJxVjDsOwyAQBe9CHSFYPsYp0_sMCHZXwUkEkrGrKHePLblI2jcz7y1i2tYSt85LnElcBYjL75YTPrkegB6p3pvEVtdlzvJQ5Em7nBrx63a6fwcl9bLXTI7BWLSYFQ-DB_TkrHYuOM046gwBkBFQoTG4C4lGo4FdUuDJB_H5AuMsN5k:1ubGFU:wcYPRCdbdd-GIffGJnsjYtHSRyqDF0-5eG-NXrO8WRE','2025-07-28 10:17:28.794415');
INSERT INTO django_session VALUES('8j6ebbxf3d7xyohhd8696hr66915ofz8','.eJxVjDsOwyAQBe9CHSFYPsYp0_sMCHZXwUkEkrGrKHePLblI2jcz7y1i2tYSt85LnElcBYjL75YTPrkegB6p3pvEVtdlzvJQ5Em7nBrx63a6fwcl9bLXTI7BWLSYFQ-DB_TkrHYuOM046gwBkBFQoTG4C4lGo4FdUuDJB_H5AuMsN5k:1ubGWu:0z5mOUM__DswF6WJ1r2MjGLt7Eqw0lSTX8INHosvHhw','2025-07-28 10:35:28.406998');
INSERT INTO django_session VALUES('7uglb4ez9cfn6yqizwqgw80f2p1mkdwq','.eJxVjDsOwyAQBe9CHSFYPsYp0_sMCHZXwUkEkrGrKHePLblI2jcz7y1i2tYSt85LnElcBYjL75YTPrkegB6p3pvEVtdlzvJQ5Em7nBrx63a6fwcl9bLXTI7BWLSYFQ-DB_TkrHYuOM046gwBkBFQoTG4C4lGo4FdUuDJB_H5AuMsN5k:1ubH6R:TIVAP86DRt48TVB3tfptLxdLYHAfagYkDbcLSmQCMSI','2025-07-28 11:12:11.509991');
INSERT INTO django_session VALUES('54td90d86iqijh532v21kzdc7lb624ec','.eJxVjDsOwyAQBe9CHSFYPsYp0_sMCHZXwUkEkrGrKHePLblI2jcz7y1i2tYSt85LnElcBYjL75YTPrkegB6p3pvEVtdlzvJQ5Em7nBrx63a6fwcl9bLXTI7BWLSYFQ-DB_TkrHYuOM046gwBkBFQoTG4C4lGo4FdUuDJB_H5AuMsN5k:1ubHnt:swtCIkjxIo_Rl7r-Ze3FCryZXNXzCfK1EsjCqEbQsr0','2025-07-28 11:57:05.421710');
INSERT INTO django_session VALUES('l0man889r5zcjni12fcvwn820q6nzvdu','.eJxVjDsOwyAQBe9CHSFYPsYp0_sMCHZXwUkEkrGrKHePLblI2jcz7y1i2tYSt85LnElcBYjL75YTPrkegB6p3pvEVtdlzvJQ5Em7nBrx63a6fwcl9bLXTI7BWLSYFQ-DB_TkrHYuOM046gwBkBFQoTG4C4lGo4FdUuDJB_H5AuMsN5k:1ubI7u:O6Ecl3-EFxzXcJasxrYtO_Ir_RjzE2i8H8o2tepKiuY','2025-07-28 12:17:46.678319');
INSERT INTO django_session VALUES('k5xxj0yd2j294ew5rqhu5k4eksiiftnc','.eJxVjDsOwyAQBe9CHSFYPsYp0_sMCHZXwUkEkrGrKHePLblI2jcz7y1i2tYSt85LnElcBYjL75YTPrkegB6p3pvEVtdlzvJQ5Em7nBrx63a6fwcl9bLXTI7BWLSYFQ-DB_TkrHYuOM046gwBkBFQoTG4C4lGo4FdUuDJB_H5AuMsN5k:1ubIF1:gvXgbA9iinmkqSUS12tVNogkpiwhKxmYNrxyYlBrOhQ','2025-07-28 12:25:07.526761');
INSERT INTO django_session VALUES('cncrc8xll5968np0261gl0k8m6gpy9yr','.eJxVjDsOwyAQBe9CHSFYPsYp0_sMCHZXwUkEkrGrKHePLblI2jcz7y1i2tYSt85LnElcBYjL75YTPrkegB6p3pvEVtdlzvJQ5Em7nBrx63a6fwcl9bLXTI7BWLSYFQ-DB_TkrHYuOM046gwBkBFQoTG4C4lGo4FdUuDJB_H5AuMsN5k:1ubIgA:hXD9-O35xwhysboFIx3Mi3dqO-AHd3TgqDyMT2m2l-w','2025-07-28 12:53:10.685510');
INSERT INTO django_session VALUES('7co28z6lgwk0vnymu5gyvh8iq2pv0yn1','.eJxVjDsOwyAQBe9CHSFYPsYp0_sMCHZXwUkEkrGrKHePLblI2jcz7y1i2tYSt85LnElcBYjL75YTPrkegB6p3pvEVtdlzvJQ5Em7nBrx63a6fwcl9bLXTI7BWLSYFQ-DB_TkrHYuOM046gwBkBFQoTG4C4lGo4FdUuDJB_H5AuMsN5k:1ubIuI:037oqh5hXDhfj5KRRvBegW7D4j-_inLHu6SUlZqtIFQ','2025-07-28 13:07:46.110028');
INSERT INTO django_session VALUES('xdrwe84hpnj5dnxy2h9aov3v541z86h2','.eJxVjDsOwyAQBe9CHSFYPsYp0_sMCHZXwUkEkrGrKHePLblI2jcz7y1i2tYSt85LnElcBYjL75YTPrkegB6p3pvEVtdlzvJQ5Em7nBrx63a6fwcl9bLXTI7BWLSYFQ-DB_TkrHYuOM046gwBkBFQoTG4C4lGo4FdUuDJB_H5AuMsN5k:1ubYQn:yA2RdPnyjxVieUfe-FQNWT014SNwvOP3tN-7BQuZtNY','2025-07-29 05:42:21.100450');
INSERT INTO django_session VALUES('sbs7vjhrik9lvd9r6mrppu74os4hju5y','.eJxVjDsOwyAQBe9CHSFYPsYp0_sMCHZXwUkEkrGrKHePLblI2jcz7y1i2tYSt85LnElcBYjL75YTPrkegB6p3pvEVtdlzvJQ5Em7nBrx63a6fwcl9bLXTI7BWLSYFQ-DB_TkrHYuOM046gwBkBFQoTG4C4lGo4FdUuDJB_H5AuMsN5k:1ubZ0u:80JD7uU2hLVblxUY_g74QRqhHkZZ12x_hWUits2YCY8','2025-07-29 06:19:40.585344');
INSERT INTO django_session VALUES('h1dqz7i449x5ofjjgvdmevwyab844dvb','.eJxVjDsOwyAQBe9CHSFYPsYp0_sMCHZXwUkEkrGrKHePLblI2jcz7y1i2tYSt85LnElcBYjL75YTPrkegB6p3pvEVtdlzvJQ5Em7nBrx63a6fwcl9bLXTI7BWLSYFQ-DB_TkrHYuOM046gwBkBFQoTG4C4lGo4FdUuDJB_H5AuMsN5k:1ubZ3y:BetxMRPVzl2X0_u9afu7M2fCUBU539JHauyQpuhMKzA','2025-07-29 06:22:50.925720');
INSERT INTO django_session VALUES('0bqsth3nmh0ywn2ty0uvj0rbq0b51skd','.eJxVjDsOwyAQBe9CHSFYPsYp0_sMCHZXwUkEkrGrKHePLblI2jcz7y1i2tYSt85LnElcBYjL75YTPrkegB6p3pvEVtdlzvJQ5Em7nBrx63a6fwcl9bLXTI7BWLSYFQ-DB_TkrHYuOM046gwBkBFQoTG4C4lGo4FdUuDJB_H5AuMsN5k:1ubZ8I:aCJxrTFIHsGwrYQZ-OK3MtLuim1WwbeVC1vpvDnfC0c','2025-07-29 06:27:18.949154');
INSERT INTO django_session VALUES('gg70cne4widqpepzjk31nuw726xji85s','.eJxVjDsOwyAQBe9CHSFYPsYp0_sMCHZXwUkEkrGrKHePLblI2jcz7y1i2tYSt85LnElcBYjL75YTPrkegB6p3pvEVtdlzvJQ5Em7nBrx63a6fwcl9bLXTI7BWLSYFQ-DB_TkrHYuOM046gwBkBFQoTG4C4lGo4FdUuDJB_H5AuMsN5k:1ubZHt:PLRbL4yGKTnXcAaveSMz7Lsw8Ry7mjj1_5SHtH8_res','2025-07-29 06:37:13.988114');
INSERT INTO django_session VALUES('ovyoqbgkofge0rmsk5xgkr090tcyp4to','.eJxVjDsOwyAQBe9CHSFYPsYp0_sMCHZXwUkEkrGrKHePLblI2jcz7y1i2tYSt85LnElcBYjL75YTPrkegB6p3pvEVtdlzvJQ5Em7nBrx63a6fwcl9bLXTI7BWLSYFQ-DB_TkrHYuOM046gwBkBFQoTG4C4lGo4FdUuDJB_H5AuMsN5k:1ubZW7:KNJcXKf374pdLEP9F3LvStuhqzzjKC4Mehdf_2Zvvws','2025-07-29 06:51:55.103316');
INSERT INTO django_session VALUES('rihf2ec5krxbyufulwdnyjm3tqg5exi0','.eJxVjDsOwyAQBe9CHSFYPsYp0_sMCHZXwUkEkrGrKHePLblI2jcz7y1i2tYSt85LnElcBYjL75YTPrkegB6p3pvEVtdlzvJQ5Em7nBrx63a6fwcl9bLXTI7BWLSYFQ-DB_TkrHYuOM046gwBkBFQoTG4C4lGo4FdUuDJB_H5AuMsN5k:1ubZgk:94r45-9V-pn0NMrXWnRu_qrh-bsXJ7z3Qi7TwBq2xRs','2025-07-29 07:02:54.179584');
INSERT INTO django_session VALUES('2d67shpyk2za2mm8dyqc5k79xnttr9q4','.eJxVjDsOwyAQBe9CHSFYPsYp0_sMCHZXwUkEkrGrKHePLblI2jcz7y1i2tYSt85LnElcBYjL75YTPrkegB6p3pvEVtdlzvJQ5Em7nBrx63a6fwcl9bLXTI7BWLSYFQ-DB_TkrHYuOM046gwBkBFQoTG4C4lGo4FdUuDJB_H5AuMsN5k:1ubaQ8:MYlcbpw8SwfFxWp5tnIRACdk1XQP-DMMigLBcOySeN0','2025-07-29 07:49:48.543819');
INSERT INTO django_session VALUES('yplcolx7fet6tb57wl9dyugr1gf2r7cz','.eJxVjDsOwyAQBe9CHSFYPsYp0_sMCHZXwUkEkrGrKHePLblI2jcz7y1i2tYSt85LnElcBYjL75YTPrkegB6p3pvEVtdlzvJQ5Em7nBrx63a6fwcl9bLXTI7BWLSYFQ-DB_TkrHYuOM046gwBkBFQoTG4C4lGo4FdUuDJB_H5AuMsN5k:1ubaRO:yjuaRj-ewsdaw0hLV4-kKWhbEDEcmPYFtr_cB8pXPes','2025-07-29 07:51:06.779436');
INSERT INTO django_session VALUES('tvzjcwgptw3699dn995tgu37d7qh6typ','.eJxVjDsOwyAQBe9CHSFYPsYp0_sMCHZXwUkEkrGrKHePLblI2jcz7y1i2tYSt85LnElcBYjL75YTPrkegB6p3pvEVtdlzvJQ5Em7nBrx63a6fwcl9bLXTI7BWLSYFQ-DB_TkrHYuOM046gwBkBFQoTG4C4lGo4FdUuDJB_H5AuMsN5k:1ubePR:zhpabMtqQRZJN4bhjt9ucVP6cgjaH_Wce1BLyC9KDio','2025-07-29 12:05:21.873644');
INSERT INTO django_session VALUES('h8nb6av7i8weua63zb8uoeco0tlkhekh','.eJxVjDsOwyAQBe9CHSFYPsYp0_sMCHZXwUkEkrGrKHePLblI2jcz7y1i2tYSt85LnElcBYjL75YTPrkegB6p3pvEVtdlzvJQ5Em7nBrx63a6fwcl9bLXTI7BWLSYFQ-DB_TkrHYuOM046gwBkBFQoTG4C4lGo4FdUuDJB_H5AuMsN5k:1ubeWf:GtXn9-O4E6TaZrxC64DNSfc4LIak2y4hJvnIXDMxarI','2025-07-29 12:12:49.522009');
INSERT INTO django_session VALUES('fcwcor7eqwgh2ezylhdign7kdlt0gas6','.eJxVjDsOwyAQBe9CHSFYPsYp0_sMCHZXwUkEkrGrKHePLblI2jcz7y1i2tYSt85LnElcBYjL75YTPrkegB6p3pvEVtdlzvJQ5Em7nBrx63a6fwcl9bLXTI7BWLSYFQ-DB_TkrHYuOM046gwBkBFQoTG4C4lGo4FdUuDJB_H5AuMsN5k:1ubfTP:ltRMPoV9mYgaQnfriLurnxvpaqdnTcgMoG4GbupR4vg','2025-07-29 13:13:31.187075');
INSERT INTO django_session VALUES('7ctl66ju1hzbdyn1let5gmkhj9xn3vqe','.eJxVjDsOwyAQBe9CHSFYPsYp0_sMCHZXwUkEkrGrKHePLblI2jcz7y1i2tYSt85LnElcBYjL75YTPrkegB6p3pvEVtdlzvJQ5Em7nBrx63a6fwcl9bLXTI7BWLSYFQ-DB_TkrHYuOM046gwBkBFQoTG4C4lGo4FdUuDJB_H5AuMsN5k:1ubv7S:y7qUAreZTwelSeyihNhy7kbOsn-Gr0-PnhznTTvQRD0','2025-07-30 05:55:54.549995');
INSERT INTO django_session VALUES('k1bw0uyfu3keec2h8t6mv6uddhg2r18d','.eJxVjDsOwyAQBe9CHSFYPsYp0_sMCHZXwUkEkrGrKHePLblI2jcz7y1i2tYSt85LnElcBYjL75YTPrkegB6p3pvEVtdlzvJQ5Em7nBrx63a6fwcl9bLXTI7BWLSYFQ-DB_TkrHYuOM046gwBkBFQoTG4C4lGo4FdUuDJB_H5AuMsN5k:1ubviK:Nhyg01f7wuQKji8IsNT5Yp0_vS7vHmktUdLBVMtWZMM','2025-07-30 06:34:00.908781');
INSERT INTO django_session VALUES('gd4wo0h8xkw3eawc66unak4iumn87t55','.eJxVjDsOwyAQBe9CHSFYPsYp0_sMCHZXwUkEkrGrKHePLblI2jcz7y1i2tYSt85LnElcBYjL75YTPrkegB6p3pvEVtdlzvJQ5Em7nBrx63a6fwcl9bLXTI7BWLSYFQ-DB_TkrHYuOM046gwBkBFQoTG4C4lGo4FdUuDJB_H5AuMsN5k:1ubx7k:rmtxDIW2Hknaoes2q9drKtZMqG5t4FrzVrpB_0dtlA8','2025-07-30 08:04:20.004306');
INSERT INTO django_session VALUES('aqkoa6gwbwaw6j24ml53h48phletsry5','.eJxVjDsOwyAQBe9CHSFYPsYp0_sMCHZXwUkEkrGrKHePLblI2jcz7y1i2tYSt85LnElcBYjL75YTPrkegB6p3pvEVtdlzvJQ5Em7nBrx63a6fwcl9bLXTI7BWLSYFQ-DB_TkrHYuOM046gwBkBFQoTG4C4lGo4FdUuDJB_H5AuMsN5k:1ubxAE:w7rrBhf2Fn1DfduoQyUIgn_G2no8WlPgHBef2PUYXzQ','2025-07-30 08:06:54.070837');
INSERT INTO django_session VALUES('gv82rlyep6l9eirefii5q1g8ugyy4qip','.eJxVjDsOwyAQBe9CHSFYPsYp0_sMCHZXwUkEkrGrKHePLblI2jcz7y1i2tYSt85LnElcBYjL75YTPrkegB6p3pvEVtdlzvJQ5Em7nBrx63a6fwcl9bLXTI7BWLSYFQ-DB_TkrHYuOM046gwBkBFQoTG4C4lGo4FdUuDJB_H5AuMsN5k:1ubxGz:k53ULpQQniHU8cHJk2LbttVwqqGGiYKx4DvaXd-jt9k','2025-07-30 08:13:53.681251');
INSERT INTO django_session VALUES('044q8xcxvlss2xbsgc25w6624xij1yc2','.eJxVjDsOwyAQBe9CHSFYPsYp0_sMCHZXwUkEkrGrKHePLblI2jcz7y1i2tYSt85LnElcBYjL75YTPrkegB6p3pvEVtdlzvJQ5Em7nBrx63a6fwcl9bLXTI7BWLSYFQ-DB_TkrHYuOM046gwBkBFQoTG4C4lGo4FdUuDJB_H5AuMsN5k:1ubxJA:Ot2X3ubZl9jYOa3_QkeoX1KWcnRLrZxdr6Yaajt0HQM','2025-07-30 08:16:08.344268');
INSERT INTO django_session VALUES('gqyw3o8ytv6zpgc1r948w9i9s904qph3','.eJxVjDsOwyAQBe9CHSFYPsYp0_sMCHZXwUkEkrGrKHePLblI2jcz7y1i2tYSt85LnElcBYjL75YTPrkegB6p3pvEVtdlzvJQ5Em7nBrx63a6fwcl9bLXTI7BWLSYFQ-DB_TkrHYuOM046gwBkBFQoTG4C4lGo4FdUuDJB_H5AuMsN5k:1ubxMd:5GS7RzOCu6shmwCWanfodfwORmXxTtCE6OCfZ_zKu58','2025-07-30 08:19:43.549929');
INSERT INTO django_session VALUES('hxn50yon89eskydjnsrdr8bx1da7v4i9','e30:1ubyxX:vcN6HcgmBq168r-hDT7Z5A5ogU8RmNNTTEyRddM3N5M','2025-07-30 10:01:55.842123');
INSERT INTO django_session VALUES('sjvqdpkbfx5uu4kraax8p9fqbwjdq5pm','e30:1ubz4p:oh2UK0yRX-Ats2OoSuxucN0xmEwpcYpTz25wp60C_d4','2025-07-30 10:09:27.621892');
INSERT INTO django_session VALUES('lyb5hxgp6kk96ji7un3hdneira2wzqjg','.eJxVjDsOwyAQBe9CHSFYPsYp0_sMCHZXwUkEkrGrKHePLblI2jcz7y1i2tYSt85LnElcBYjL75YTPrkegB6p3pvEVtdlzvJQ5Em7nBrx63a6fwcl9bLXTI7BWLSYFQ-DB_TkrHYuOM046gwBkBFQoTG4C4lGo4FdUuDJB_H5AuMsN5k:1ubzQE:DQqVQEwvT2K4xzXvXtx8A1tybhcQ1VBAUzyLzoWhZV0','2025-07-30 10:31:34.231089');
INSERT INTO django_session VALUES('xchoowojc74ooc074armb1g3x66d792g','.eJxVjDsOwjAQBe_iGln-xfZS0nMGa9cfHEC2FCcV4u4QKQW0b2beiwXc1hq2kZcwJ3Zmip1-N8L4yG0H6Y7t1nnsbV1m4rvCDzr4taf8vBzu30HFUb81JiuUBxCCNMZYdHISHDpdDBhC5YsHkpSmrI2NUhkoxWsvjTViIhXZ-wPemDd5:1ubzkf:75eBz1B-j1M1n2CYMU9uuESCOP-JC5sB5U6IWB5v_jQ','2025-07-30 10:52:41.666499');
INSERT INTO django_session VALUES('e1mocjl1l8gs1cohomxnor59azkd4ykt','.eJxVjDsOwjAQBe_iGln-xfZS0nMGa9cfHEC2FCcV4u4QKQW0b2beiwXc1hq2kZcwJ3Zmip1-N8L4yG0H6Y7t1nnsbV1m4rvCDzr4taf8vBzu30HFUb81JiuUBxCCNMZYdHISHDpdDBhC5YsHkpSmrI2NUhkoxWsvjTViIhXZ-wPemDd5:1ubznI:r49F1kU6tvMU_o1Q47oJZwbdnJmNAFZvu_PLm9zonvA','2025-07-30 10:55:24.517846');
INSERT INTO django_session VALUES('p7im37e9utzvffe0ubmzja3r0k1ba4o1','.eJxVjDsOwjAQBe_iGln-xfZS0nMGa9cfHEC2FCcV4u4QKQW0b2beiwXc1hq2kZcwJ3Zmip1-N8L4yG0H6Y7t1nnsbV1m4rvCDzr4taf8vBzu30HFUb81JiuUBxCCNMZYdHISHDpdDBhC5YsHkpSmrI2NUhkoxWsvjTViIhXZ-wPemDd5:1uc0fm:W02VbPIBQwYK5hkVWRQh2DN-dmFXKpbcFZQvrurhZF8','2025-07-30 11:51:42.848761');
INSERT INTO django_session VALUES('qzlvdvq6wisl86k3f14kzwsxpacnhbi3','.eJxVjDsOwjAQBe_iGln-xfZS0nMGa9cfHEC2FCcV4u4QKQW0b2beiwXc1hq2kZcwJ3Zmip1-N8L4yG0H6Y7t1nnsbV1m4rvCDzr4taf8vBzu30HFUb81JiuUBxCCNMZYdHISHDpdDBhC5YsHkpSmrI2NUhkoxWsvjTViIhXZ-wPemDd5:1uc0oq:DuG5jxbkYIdvk5Y2Pq2AtVuodGp_6GaR6rRF1T_iW0s','2025-07-30 12:01:04.550585');
INSERT INTO django_session VALUES('qyyuv664ehqdk98duzwq7nca2fzeflvo','.eJxVjDsOwjAQBe_iGln-xfZS0nMGa9cfHEC2FCcV4u4QKQW0b2beiwXc1hq2kZcwJ3Zmip1-N8L4yG0H6Y7t1nnsbV1m4rvCDzr4taf8vBzu30HFUb81JiuUBxCCNMZYdHISHDpdDBhC5YsHkpSmrI2NUhkoxWsvjTViIhXZ-wPemDd5:1uc13M:dE70ad48JoXM9o_fMXH_fqjHPypxb0KPFnzK0Wb_6Mw','2025-07-30 12:16:04.345161');
INSERT INTO django_session VALUES('v6bgjggfy0xxf7td7wyjc8ejx4tlyjzp','.eJxVjDsOwjAQBe_iGln-xfZS0nMGa9cfHEC2FCcV4u4QKQW0b2beiwXc1hq2kZcwJ3Zmip1-N8L4yG0H6Y7t1nnsbV1m4rvCDzr4taf8vBzu30HFUb81JiuUBxCCNMZYdHISHDpdDBhC5YsHkpSmrI2NUhkoxWsvjTViIhXZ-wPemDd5:1uc1yJ:kGvK2s5CQBYYN6J7daXy3VMj1uaDKGq-2CcBvXP3zfo','2025-07-30 13:14:55.286907');
INSERT INTO django_session VALUES('isrztmuotgktwf7d01rwfi1wtcbn563w','.eJxVjDsOwjAQBe_iGln-xfZS0nMGa9cfHEC2FCcV4u4QKQW0b2beiwXc1hq2kZcwJ3Zmip1-N8L4yG0H6Y7t1nnsbV1m4rvCDzr4taf8vBzu30HFUb81JiuUBxCCNMZYdHISHDpdDBhC5YsHkpSmrI2NUhkoxWsvjTViIhXZ-wPemDd5:1uc25b:jKkenGtP7GWbpyTDBPKdvChtWwu5qiLoHIJhRBC0mfc','2025-07-30 13:22:27.986491');
INSERT INTO django_session VALUES('b97zxbz8rbpww0f8449zz2ooudnqa8wu','.eJxVjDsOwjAQBe_iGln-xfZS0nMGa9cfHEC2FCcV4u4QKQW0b2beiwXc1hq2kZcwJ3Zmip1-N8L4yG0H6Y7t1nnsbV1m4rvCDzr4taf8vBzu30HFUb81JiuUBxCCNMZYdHISHDpdDBhC5YsHkpSmrI2NUhkoxWsvjTViIhXZ-wPemDd5:1uc2ks:2UIWPWLWuwx0EyIJZ_vqqiV5WRDUVA9QOr5z8_Wm0yQ','2025-07-30 14:05:06.673401');
INSERT INTO django_session VALUES('xqo0v4bds3jbragnsdkxkvkqmmsut2k2','.eJxVjDsOwjAQBe_iGln-xfZS0nMGa9cfHEC2FCcV4u4QKQW0b2beiwXc1hq2kZcwJ3Zmip1-N8L4yG0H6Y7t1nnsbV1m4rvCDzr4taf8vBzu30HFUb81JiuUBxCCNMZYdHISHDpdDBhC5YsHkpSmrI2NUhkoxWsvjTViIhXZ-wPemDd5:1ucHVD:5tSmvYXRm8lL28g7cTL8YemrmrOvtqKPt24HJYlilgc','2025-07-31 05:49:55.675807');
INSERT INTO django_session VALUES('r0h79uhlqs1jin1slgkade1sxq7zod1k','.eJxVjDsOwjAQBe_iGln-xfZS0nMGa9cfHEC2FCcV4u4QKQW0b2beiwXc1hq2kZcwJ3Zmip1-N8L4yG0H6Y7t1nnsbV1m4rvCDzr4taf8vBzu30HFUb81JiuUBxCCNMZYdHISHDpdDBhC5YsHkpSmrI2NUhkoxWsvjTViIhXZ-wPemDd5:1ucI7H:TwzVGU3ag1MNaHvri6x40Cw31wgyTDt3nmeCGrZz048','2025-07-31 06:29:15.085232');
INSERT INTO django_session VALUES('3padufrqj5tj5qc84yo6czekx3hh22g6','.eJxVjDsOwjAQBe_iGln-xfZS0nMGa9cfHEC2FCcV4u4QKQW0b2beiwXc1hq2kZcwJ3Zmip1-N8L4yG0H6Y7t1nnsbV1m4rvCDzr4taf8vBzu30HFUb81JiuUBxCCNMZYdHISHDpdDBhC5YsHkpSmrI2NUhkoxWsvjTViIhXZ-wPemDd5:1ucJon:fh-PdCUIcvGFMdN7S0EjKKbhBk_hNzjjXlX_JnkK2bQ','2025-07-31 08:18:17.861412');
INSERT INTO django_session VALUES('o031vwrasery4aj3sk9lfmwut8ffjna5','.eJxVjDsOwjAQBe_iGln-xfZS0nMGa9cfHEC2FCcV4u4QKQW0b2beiwXc1hq2kZcwJ3Zmip1-N8L4yG0H6Y7t1nnsbV1m4rvCDzr4taf8vBzu30HFUb81JiuUBxCCNMZYdHISHDpdDBhC5YsHkpSmrI2NUhkoxWsvjTViIhXZ-wPemDd5:1ucJsD:KZARUg4bgJ5q6D69ZYnXgnbKJgD6y4Lp-k1FzIK1Ik4','2025-07-31 08:21:49.517264');
INSERT INTO django_session VALUES('ezokorgdad4k21gkzltkja3k0ubjg8fn','.eJxVjDsOwjAQBe_iGln-xfZS0nMGa9cfHEC2FCcV4u4QKQW0b2beiwXc1hq2kZcwJ3Zmip1-N8L4yG0H6Y7t1nnsbV1m4rvCDzr4taf8vBzu30HFUb81JiuUBxCCNMZYdHISHDpdDBhC5YsHkpSmrI2NUhkoxWsvjTViIhXZ-wPemDd5:1ucJuo:VRgapQNCP1vQJjOYrvInvcxD3hohCbDG1A5y2KHRvKw','2025-07-31 08:24:30.867227');
INSERT INTO django_session VALUES('vsrhc85ff8s0hzdhfu8imsi2ffmnzcol','.eJxVjDsOwjAQBe_iGln-xfZS0nMGa9cfHEC2FCcV4u4QKQW0b2beiwXc1hq2kZcwJ3Zmip1-N8L4yG0H6Y7t1nnsbV1m4rvCDzr4taf8vBzu30HFUb81JiuUBxCCNMZYdHISHDpdDBhC5YsHkpSmrI2NUhkoxWsvjTViIhXZ-wPemDd5:1ucMf5:inJEkeqO8vIhQEkuz9ZQw2r1GHzA2GU3C24iQUK_75w','2025-07-31 11:20:27.151086');
INSERT INTO django_session VALUES('b2y857goqc10e3kpuc8l2e53oquomhgt','.eJxVjDsOwjAQBe_iGln-xfZS0nMGa9cfHEC2FCcV4u4QKQW0b2beiwXc1hq2kZcwJ3Zmip1-N8L4yG0H6Y7t1nnsbV1m4rvCDzr4taf8vBzu30HFUb81JiuUBxCCNMZYdHISHDpdDBhC5YsHkpSmrI2NUhkoxWsvjTViIhXZ-wPemDd5:1ucMf5:inJEkeqO8vIhQEkuz9ZQw2r1GHzA2GU3C24iQUK_75w','2025-07-31 11:20:27.027780');
INSERT INTO django_session VALUES('dl9vlqgllbgrh6bcfn71d3ngq7iq0ss7','.eJxVjDsOwjAQBe_iGln-xfZS0nMGa9cfHEC2FCcV4u4QKQW0b2beiwXc1hq2kZcwJ3Zmip1-N8L4yG0H6Y7t1nnsbV1m4rvCDzr4taf8vBzu30HFUb81JiuUBxCCNMZYdHISHDpdDBhC5YsHkpSmrI2NUhkoxWsvjTViIhXZ-wPemDd5:1ucMq0:qtLJ_kZWrZ-1OosNc2jc25qtNjORxJYJLWJG_4iX0lM','2025-07-31 11:31:44.643402');
INSERT INTO django_session VALUES('a47rvjgzvjhgtkbvmh3ko08xzxyrkg5u','.eJxVjDsOwjAQBe_iGln-xfZS0nMGa9cfHEC2FCcV4u4QKQW0b2beiwXc1hq2kZcwJ3Zmip1-N8L4yG0H6Y7t1nnsbV1m4rvCDzr4taf8vBzu30HFUb81JiuUBxCCNMZYdHISHDpdDBhC5YsHkpSmrI2NUhkoxWsvjTViIhXZ-wPemDd5:1ucNeQ:Xn62gne0YPa0ZYctfYhmgfZY-5wwdt6dBo0dpjINh-o','2025-07-31 12:23:50.211417');
INSERT INTO django_session VALUES('c4wg2htk62wf4x8h5p8a8fugb4d8k4vr','.eJxVjDsOwjAQBe_iGln-xfZS0nMGa9cfHEC2FCcV4u4QKQW0b2beiwXc1hq2kZcwJ3Zmip1-N8L4yG0H6Y7t1nnsbV1m4rvCDzr4taf8vBzu30HFUb81JiuUBxCCNMZYdHISHDpdDBhC5YsHkpSmrI2NUhkoxWsvjTViIhXZ-wPemDd5:1ucOGw:LLvvcQFrlHWPMo-ZgzGEEpi2_iYWTdcNk5BUT3PiATQ','2025-07-31 13:03:38.842337');
INSERT INTO django_session VALUES('ff8bsfhid01htgc5a6ion590z7lgd80q','.eJxVjDsOwjAQBe_iGln-xfZS0nMGa9cfHEC2FCcV4u4QKQW0b2beiwXc1hq2kZcwJ3Zmip1-N8L4yG0H6Y7t1nnsbV1m4rvCDzr4taf8vBzu30HFUb81JiuUBxCCNMZYdHISHDpdDBhC5YsHkpSmrI2NUhkoxWsvjTViIhXZ-wPemDd5:1ucgNC:IDEc4VcBelqWa5orVboYz3rbSGIRhSMFl0GUJ60d7Yk','2025-08-01 08:23:18.359026');
INSERT INTO django_session VALUES('0mj4o734yw3p1i8anrworafp4vmeyv29','.eJxVjDsOwjAQBe_iGln-xfZS0nMGa9cfHEC2FCcV4u4QKQW0b2beiwXc1hq2kZcwJ3Zmip1-N8L4yG0H6Y7t1nnsbV1m4rvCDzr4taf8vBzu30HFUb81JiuUBxCCNMZYdHISHDpdDBhC5YsHkpSmrI2NUhkoxWsvjTViIhXZ-wPemDd5:1ucgfX:DoZLPFIqQUgtioRqlDHmtUksniyPmp-gqMNIbHVlR2I','2025-08-01 08:42:15.803364');
INSERT INTO django_session VALUES('mypyz3vjpo8ltvatgo12hso09rysjy36','.eJxVjDsOwjAQBe_iGln-xfZS0nMGa9cfHEC2FCcV4u4QKQW0b2beiwXc1hq2kZcwJ3Zmip1-N8L4yG0H6Y7t1nnsbV1m4rvCDzr4taf8vBzu30HFUb81JiuUBxCCNMZYdHISHDpdDBhC5YsHkpSmrI2NUhkoxWsvjTViIhXZ-wPemDd5:1uczsx:CmZsaKZhLc4O8A-ZuI8jIU_hjetcemxZcLKvZ0DHva4','2025-08-02 05:13:23.557458');
INSERT INTO django_session VALUES('xvihxzlt5glf0ogfjl2we72jlx6rnunu','.eJxVjDsOwjAQBe_iGln-xfZS0nMGa9cfHEC2FCcV4u4QKQW0b2beiwXc1hq2kZcwJ3Zmip1-N8L4yG0H6Y7t1nnsbV1m4rvCDzr4taf8vBzu30HFUb81JiuUBxCCNMZYdHISHDpdDBhC5YsHkpSmrI2NUhkoxWsvjTViIhXZ-wPemDd5:1ud0Wo:qV28PBFlvIT-L6OETBL0sjeEOPUnP-wsEUw1J5D82AM','2025-08-02 05:54:34.518111');
INSERT INTO django_session VALUES('yeu7g1y0pn8ijfuxjiyue19kxcrcr334','.eJxVjDsOwjAQBe_iGln-xfZS0nMGa9cfHEC2FCcV4u4QKQW0b2beiwXc1hq2kZcwJ3Zmip1-N8L4yG0H6Y7t1nnsbV1m4rvCDzr4taf8vBzu30HFUb81JiuUBxCCNMZYdHISHDpdDBhC5YsHkpSmrI2NUhkoxWsvjTViIhXZ-wPemDd5:1ud105:W8cFwdiice0QjDHOOPSTiicj5HmWbqa8w0wmZlcmt7Q','2025-08-02 06:24:49.223464');
INSERT INTO django_session VALUES('kjrm6chifbhyjimbrzt2m38ehqacm90s','.eJxVjDsOwjAQBe_iGln-xfZS0nMGa9cfHEC2FCcV4u4QKQW0b2beiwXc1hq2kZcwJ3Zmip1-N8L4yG0H6Y7t1nnsbV1m4rvCDzr4taf8vBzu30HFUb81JiuUBxCCNMZYdHISHDpdDBhC5YsHkpSmrI2NUhkoxWsvjTViIhXZ-wPemDd5:1ud15v:GD7rW0OxArBU1DotWrbI93fS_w9MpkpjEMHQI3Il6bA','2025-08-02 06:30:51.334927');
INSERT INTO django_session VALUES('6lqbr305khu4mto2o4xjvok4u66sp5zj','.eJxVjDsOwjAQBe_iGln-xfZS0nMGa9cfHEC2FCcV4u4QKQW0b2beiwXc1hq2kZcwJ3Zmip1-N8L4yG0H6Y7t1nnsbV1m4rvCDzr4taf8vBzu30HFUb81JiuUBxCCNMZYdHISHDpdDBhC5YsHkpSmrI2NUhkoxWsvjTViIhXZ-wPemDd5:1ud1S0:uutgcgCZAnnNUAJyH_ZgOYfQ3xkQP00vBwylYMJlHDc','2025-08-02 06:53:40.562248');
CREATE TABLE IF NOT EXISTS "delivery_notes_deliverynote" ("id" integer NOT NULL PRIMARY KEY AUTOINCREMENT, "date" date NOT NULL, "ref_number" varchar(100) NULL, "status" varchar(20) NOT NULL, "branch" varchar(100) NOT NULL, "client_name" varchar(255) NOT NULL, "contract_no" varchar(255) NOT NULL, "location" varchar(255) NOT NULL, "supply_to" varchar(255) NOT NULL, "pdf_file" varchar(100) NULL);
INSERT INTO delivery_notes_deliverynote VALUES(15,'2025-07-08','00004','Approved','Steel Department','Ilyas khan','00994488888888','Riyadh','Galvalization','pdfs/Galvatic_P7sC6Xy.pdf');
INSERT INTO delivery_notes_deliverynote VALUES(16,'2025-07-08','89400','Approved','Steel Department','Ilyas khan','709430000','Riyadh','Fabrication and galvanizaion','pdfs/20250624175148245.pdf');
INSERT INTO delivery_notes_deliverynote VALUES(17,'2025-07-09','1345400','Approved','Steel Department','Irshad khan','123560000','Riyad','wer',NULL);
INSERT INTO delivery_notes_deliverynote VALUES(18,'2025-07-10','00012','Approved','Steel Department','Malak Fahad','67676000','Riyadh Saudi Arabia','Malak Fahad  in Riyadh','pdfs/CamScanner_07-09-2025_16_RkTqK3P.43.pdf');
INSERT INTO delivery_notes_deliverynote VALUES(19,'2025-07-10','00012','Approved','Steel Department','Huzaifa khan','79887','Riyadh','abc','pdfs/20250709200501346.pdf');
INSERT INTO delivery_notes_deliverynote VALUES(21,'2025-07-10','00014','Approved','Steel Department','Malik','797878','Riyadh','Al Suliya','pdfs/CamScanner_07-09-2025_16.43.pdf');
INSERT INTO delivery_notes_deliverynote VALUES(22,'2025-07-11','00023','Pending','Steel Department','Dawood','094403','Manfuha Riyadh','Manfuha','');
INSERT INTO delivery_notes_deliverynote VALUES(23,'2025-07-11','79','Pending','Steel Department','sabj','34990','vdsl','nvsl','');
INSERT INTO delivery_notes_deliverynote VALUES(24,'2025-07-11','80','Pending','Steel Department','slndkls','9043','cnjnj','ndcl','');
INSERT INTO delivery_notes_deliverynote VALUES(25,'2025-07-11','709','Pending','Steel Department','bhcsj','803','cs','ncsl','');
INSERT INTO delivery_notes_deliverynote VALUES(26,'2025-07-13','000012','Approved','Steel Department','ilyas','78438489','riyadh','abcd','pdfs/Galvatic.pdf');
INSERT INTO delivery_notes_deliverynote VALUES(27,'2025-07-14','000012','Approved','Steel Department','Nesma','Fur-25-06','Al khobar','Khobar','pdfs/Galvatic_IquLIax.pdf');
CREATE TABLE IF NOT EXISTS "delivery_notes_deliveryitem" ("id" integer NOT NULL PRIMARY KEY AUTOINCREMENT, "description" text NOT NULL, "quantity" decimal NOT NULL, "unit" varchar(50) NOT NULL, "remarks" varchar(255) NOT NULL, "delivery_note_id" bigint NOT NULL REFERENCES "delivery_notes_deliverynote" ("id") DEFERRABLE INITIALLY DEFERRED);
INSERT INTO delivery_notes_deliveryitem VALUES(3,'khan',1,'fv','fvf',15);
INSERT INTO delivery_notes_deliveryitem VALUES(4,'nono',12,'yes','out',15);
INSERT INTO delivery_notes_deliveryitem VALUES(5,'Imran khan',1,'d','d',16);
INSERT INTO delivery_notes_deliveryitem VALUES(6,'yaso khan',5,'v','v',16);
INSERT INTO delivery_notes_deliveryitem VALUES(7,'cat ladder',3,'pcs','m2',17);
INSERT INTO delivery_notes_deliveryitem VALUES(8,'Cat ladder 50mmX50mm',23,'pcs','50mmX50mm of Cat ladder',18);
INSERT INTO delivery_notes_deliveryitem VALUES(9,'Open Cat Ladder 1180mmX40mm',60,'pcs','1180mmX40mm of Open Cat Ladder',18);
INSERT INTO delivery_notes_deliveryitem VALUES(10,'Cat ladder 50mmX50mm',44,'pcs','scecew',19);
INSERT INTO delivery_notes_deliveryitem VALUES(12,'Cat Ladder 5mmX10mm',2,'pcs','Yes',21);
INSERT INTO delivery_notes_deliveryitem VALUES(13,'Frame 500mmX100mm',6,'pcs','Yes',21);
INSERT INTO delivery_notes_deliveryitem VALUES(14,'Steel frame 20mmX20mm',6,'pcs','Ok',22);
INSERT INTO delivery_notes_deliveryitem VALUES(15,'c',3,'pcs','caslkas',23);
INSERT INTO delivery_notes_deliveryitem VALUES(16,'sc',8,'pcs','ca',24);
INSERT INTO delivery_notes_deliveryitem VALUES(17,'nsdl',9,'pcslnl','nklwc',25);
INSERT INTO delivery_notes_deliveryitem VALUES(18,'Hand',3,'LM','abcd',26);
INSERT INTO delivery_notes_deliveryitem VALUES(19,'Cal ladder',40,'pcs','bacsh',27);
INSERT INTO delivery_notes_deliveryitem VALUES(20,'fram',30,'pcs','bjjhw',27);
CREATE TABLE IF NOT EXISTS "incoming_material_incomingmaterialreport" ("id" integer NOT NULL PRIMARY KEY AUTOINCREMENT, "date" date NOT NULL, "ref_no" varchar(100) NOT NULL);
INSERT INTO incoming_material_incomingmaterialreport VALUES(2,'2025-12-07','0008');
INSERT INTO incoming_material_incomingmaterialreport VALUES(3,'2025-12-07','00023');
INSERT INTO incoming_material_incomingmaterialreport VALUES(4,'2025-12-07','44444');
INSERT INTO incoming_material_incomingmaterialreport VALUES(5,'2025-12-07','ilysa');
INSERT INTO incoming_material_incomingmaterialreport VALUES(6,'2025-07-13','0022');
INSERT INTO incoming_material_incomingmaterialreport VALUES(7,'2025-07-13','00033');
INSERT INTO incoming_material_incomingmaterialreport VALUES(8,'2025-07-13','000445');
INSERT INTO incoming_material_incomingmaterialreport VALUES(9,'2025-07-13','000065');
INSERT INTO incoming_material_incomingmaterialreport VALUES(10,'2025-07-13','45435');
CREATE TABLE IF NOT EXISTS "incoming_material_incomingmaterialitem" ("id" integer NOT NULL PRIMARY KEY AUTOINCREMENT, "item_name" varchar(200) NOT NULL, "dimensions" varchar(100) NOT NULL, "quantity" integer NOT NULL, "supply_name" varchar(200) NOT NULL, "unit" varchar(50) NOT NULL, "notes" text NULL, "report_id" bigint NOT NULL REFERENCES "incoming_material_incomingmaterialreport" ("id") DEFERRABLE INITIALLY DEFERRED);
INSERT INTO incoming_material_incomingmaterialitem VALUES(2,'No One','4m4m4m',5,'ilyasoo','pcs','vsdvds',2);
INSERT INTO incoming_material_incomingmaterialitem VALUES(3,'two','5m5m5m',6,'gfnfg','pcs','dsvd',2);
INSERT INTO incoming_material_incomingmaterialitem VALUES(4,'hoifew','8394',3,'nsvld','nsc','smckc',3);
INSERT INTO incoming_material_incomingmaterialitem VALUES(5,'csca','675',4,'sc','cc','csv',3);
INSERT INTO incoming_material_incomingmaterialitem VALUES(6,'khan','400mmX500mm',6,'Al AL','psc','Yes',4);
INSERT INTO incoming_material_incomingmaterialitem VALUES(7,'Ilyas','12mm',3,'abc','pcs','a',5);
INSERT INTO incoming_material_incomingmaterialitem VALUES(8,'khan','16mm',5,'ghi','pcs','c',5);
INSERT INTO incoming_material_incomingmaterialitem VALUES(9,'ilyas','800mmX500mm',7,'Riyadh','psc','Yes',4);
INSERT INTO incoming_material_incomingmaterialitem VALUES(10,'abc','22',5,'doo','pcs','fdgrdg',6);
INSERT INTO incoming_material_incomingmaterialitem VALUES(11,'sdvs','34',7,'ddfb','pcs','htrh',7);
INSERT INTO incoming_material_incomingmaterialitem VALUES(12,'gf','676',7,'jy','vdv','dvsvd',8);
INSERT INTO incoming_material_incomingmaterialitem VALUES(13,'iul','887',5,'dsvff','vsdd','vddv',9);
INSERT INTO incoming_material_incomingmaterialitem VALUES(14,'sacs','998',7,'fh','pcs','fddfb',10);
CREATE TABLE IF NOT EXISTS "ongoing_projects_projectcomponentstatus" ("id" integer NOT NULL PRIMARY KEY AUTOINCREMENT, "component" varchar(100) NOT NULL, "material_procurement" varchar(20) NOT NULL, "fabrication" varchar(20) NOT NULL, "hdg" varchar(20) NOT NULL, "powder_coating" varchar(20) NOT NULL, "erection" varchar(20) NOT NULL, "project_id" bigint NOT NULL REFERENCES "ongoing_projects_ongoingproject" ("id") DEFERRABLE INITIALLY DEFERRED);
INSERT INTO ongoing_projects_projectcomponentstatus VALUES(48,'3m Fence','N/A','In Progress','N/A','N/A','In Progress',18);
INSERT INTO ongoing_projects_projectcomponentstatus VALUES(49,'5m Fence','N/A','In Progress','N/A','N/A','In Progress',18);
INSERT INTO ongoing_projects_projectcomponentstatus VALUES(50,'Gate','N/A','In Progress','N/A','N/A','In Progress',18);
INSERT INTO ongoing_projects_projectcomponentstatus VALUES(51,'3m Fence','N/A','Done','N/A','N/A','N/A',19);
INSERT INTO ongoing_projects_projectcomponentstatus VALUES(52,'5m Fence','N/A','N/A','N/A','In Progress','N/A',19);
INSERT INTO ongoing_projects_projectcomponentstatus VALUES(53,'Gate','N/A','In Progress','N/A','N/A','In Progress',19);
INSERT INTO ongoing_projects_projectcomponentstatus VALUES(54,'3m Fence','N/A','N/A','N/A','N/A','N/A',20);
INSERT INTO ongoing_projects_projectcomponentstatus VALUES(55,'5m Fence','N/A','N/A','N/A','N/A','N/A',20);
INSERT INTO ongoing_projects_projectcomponentstatus VALUES(56,'Gate','N/A','N/A','N/A','N/A','In Progress',20);
INSERT INTO ongoing_projects_projectcomponentstatus VALUES(57,'3m Fence','N/A','N/A','N/A','N/A','N/A',21);
INSERT INTO ongoing_projects_projectcomponentstatus VALUES(58,'5m Fence','N/A','N/A','N/A','N/A','N/A',21);
INSERT INTO ongoing_projects_projectcomponentstatus VALUES(59,'Gate','N/A','N/A','N/A','N/A','N/A',21);
INSERT INTO ongoing_projects_projectcomponentstatus VALUES(60,'3m Fence','Done','Done','Done','Done','Done',22);
INSERT INTO ongoing_projects_projectcomponentstatus VALUES(61,'5m Fence','Done','Done','Done','Done','Done',22);
INSERT INTO ongoing_projects_projectcomponentstatus VALUES(62,'Gate','Done','Done','Done','Done','Done',22);
INSERT INTO ongoing_projects_projectcomponentstatus VALUES(63,'3m Fence','N/A','N/A','N/A','N/A','N/A',23);
INSERT INTO ongoing_projects_projectcomponentstatus VALUES(64,'5m Fence','N/A','N/A','N/A','N/A','N/A',23);
INSERT INTO ongoing_projects_projectcomponentstatus VALUES(65,'Gate','N/A','N/A','N/A','N/A','N/A',23);
INSERT INTO ongoing_projects_projectcomponentstatus VALUES(66,'3m Fence','Done','Done','Done','Done','Done',24);
INSERT INTO ongoing_projects_projectcomponentstatus VALUES(67,'5m Fence','Done','Done','Done','Done','Done',24);
INSERT INTO ongoing_projects_projectcomponentstatus VALUES(68,'Gate','In Progress','In Progress','In Progress','In Progress','In Progress',24);
INSERT INTO ongoing_projects_projectcomponentstatus VALUES(69,'3m Fence','N/A','N/A','N/A','N/A','N/A',25);
INSERT INTO ongoing_projects_projectcomponentstatus VALUES(70,'5m Fence','N/A','N/A','N/A','N/A','N/A',25);
INSERT INTO ongoing_projects_projectcomponentstatus VALUES(71,'Gate','N/A','N/A','N/A','N/A','N/A',25);
INSERT INTO ongoing_projects_projectcomponentstatus VALUES(72,'3m Fence','N/A','N/A','N/A','N/A','N/A',26);
INSERT INTO ongoing_projects_projectcomponentstatus VALUES(73,'5m Fence','N/A','N/A','N/A','N/A','N/A',26);
INSERT INTO ongoing_projects_projectcomponentstatus VALUES(74,'Gate','N/A','N/A','N/A','N/A','N/A',26);
INSERT INTO ongoing_projects_projectcomponentstatus VALUES(75,'3m Fence','N/A','N/A','N/A','N/A','N/A',27);
INSERT INTO ongoing_projects_projectcomponentstatus VALUES(76,'5m Fence','N/A','N/A','N/A','N/A','N/A',27);
INSERT INTO ongoing_projects_projectcomponentstatus VALUES(77,'Gate','N/A','N/A','N/A','N/A','N/A',27);
INSERT INTO ongoing_projects_projectcomponentstatus VALUES(78,'3m Fence','N/A','N/A','N/A','N/A','N/A',28);
INSERT INTO ongoing_projects_projectcomponentstatus VALUES(79,'5m Fence','N/A','N/A','N/A','N/A','N/A',28);
INSERT INTO ongoing_projects_projectcomponentstatus VALUES(80,'Gate','N/A','N/A','N/A','N/A','N/A',28);
INSERT INTO ongoing_projects_projectcomponentstatus VALUES(81,'3m Fence','Done','Done','Done','Done','Done',29);
INSERT INTO ongoing_projects_projectcomponentstatus VALUES(82,'5m Fence','Done','Done','Done','Done','Done',29);
INSERT INTO ongoing_projects_projectcomponentstatus VALUES(83,'Gate','Done','Done','Done','Done','Done',29);
INSERT INTO ongoing_projects_projectcomponentstatus VALUES(84,'3m Fence','Done','Done','Done','Done','Done',30);
INSERT INTO ongoing_projects_projectcomponentstatus VALUES(85,'5m Fence','Done','Done','Done','Done','Done',30);
INSERT INTO ongoing_projects_projectcomponentstatus VALUES(86,'Gate','Done','Done','Done','Done','Done',30);
INSERT INTO ongoing_projects_projectcomponentstatus VALUES(87,'3m Fence','N/A','N/A','N/A','N/A','Done',31);
INSERT INTO ongoing_projects_projectcomponentstatus VALUES(88,'5m Fence','N/A','N/A','N/A','N/A','N/A',31);
INSERT INTO ongoing_projects_projectcomponentstatus VALUES(89,'Gate','N/A','N/A','N/A','In Progress','Done',31);
INSERT INTO ongoing_projects_projectcomponentstatus VALUES(90,'3m Fence','Done','Done','Done','Done','Done',32);
INSERT INTO ongoing_projects_projectcomponentstatus VALUES(91,'5m Fence','Done','Done','Done','Done','Done',32);
INSERT INTO ongoing_projects_projectcomponentstatus VALUES(92,'Gate','Done','Done','Done','Done','Done',32);
INSERT INTO ongoing_projects_projectcomponentstatus VALUES(96,'3m Fence','Done','Done','Done','Done','Done',34);
INSERT INTO ongoing_projects_projectcomponentstatus VALUES(97,'3m Fence','Done','Done','Done','Done','Done',35);
INSERT INTO ongoing_projects_projectcomponentstatus VALUES(98,'3m Fence','Done','Done','Done','Done','Done',36);
INSERT INTO ongoing_projects_projectcomponentstatus VALUES(99,'3m Fence','Done','Done','Done','Done','Done',37);
INSERT INTO ongoing_projects_projectcomponentstatus VALUES(101,'3m Fence','Done','Done','Done','Done','Done',39);
INSERT INTO ongoing_projects_projectcomponentstatus VALUES(102,'5m Fence','Done','Done','Done','Done','Done',39);
INSERT INTO ongoing_projects_projectcomponentstatus VALUES(103,'Gate','Done','Done','Done','Done','Done',39);
INSERT INTO ongoing_projects_projectcomponentstatus VALUES(104,'3m Fence','Done','Done','Done','Done','Done',40);
INSERT INTO ongoing_projects_projectcomponentstatus VALUES(105,'5m Fence','Done','Done','Done','Done','Done',40);
INSERT INTO ongoing_projects_projectcomponentstatus VALUES(106,'Gate','Done','Done','Done','Done','Done',40);
CREATE TABLE IF NOT EXISTS "accounts_profile" ("id" integer NOT NULL PRIMARY KEY AUTOINCREMENT, "user_id" integer NOT NULL UNIQUE REFERENCES "auth_user" ("id") DEFERRABLE INITIALLY DEFERRED, "avatar" varchar(100) NULL);
INSERT INTO accounts_profile VALUES(1,2,'avatars/default-avatar.png');
CREATE TABLE IF NOT EXISTS "ongoing_projects_ongoingproject" ("id" integer NOT NULL PRIMARY KEY AUTOINCREMENT, "code" varchar(50) NOT NULL, "po_number" varchar(100) NOT NULL, "client" varchar(200) NOT NULL, "location" varchar(200) NOT NULL, "po_description" text NOT NULL, "po_amount" decimal NOT NULL, "budgetary_cost" decimal NOT NULL, "expected_profit" decimal NOT NULL, "down_payment" varchar(100) NULL, "shop_drawing" varchar(100) NULL, "date" date NULL, "status" varchar(20) NOT NULL);
INSERT INTO ongoing_projects_ongoingproject VALUES(18,'123','PO123','abc','abc location','abc po descrption',111,11,1,'NA','NA','2025-07-01','In Progress');
INSERT INTO ongoing_projects_ongoingproject VALUES(19,'1234','PO1234','Bac','Bac location','Bac po description',1112,1112,112,'NA','NA','2025-07-02','In Progress');
INSERT INTO ongoing_projects_ongoingproject VALUES(20,'12345','PO12345','Def','Def location','Def po description',11123,1123,123,'NA','NA','2025-07-03','In Progress');
INSERT INTO ongoing_projects_ongoingproject VALUES(21,'11223','PO11223','EGFF','EGFF location','EGFF Po description',23332,233,213,'NA','NA','2025-07-04','In Progress');
INSERT INTO ongoing_projects_ongoingproject VALUES(22,'32442','PO32442','CLLKD','Cllld location','Cllld Po description',232223,233,34,'NA','NA','2025-07-05','In Progress');
INSERT INTO ongoing_projects_ongoingproject VALUES(23,'45344','PO45344','Lodd','Lodd location','Lodd Po description',34344,45453,54,'NA','NA','2025-07-06','In Progress');
INSERT INTO ongoing_projects_ongoingproject VALUES(24,'324343','344','Ddds','dsds','dffddffd',34435,4334,434,'NA','NA','2025-07-07','In Progress');
INSERT INTO ongoing_projects_ongoingproject VALUES(25,'32334','3344455','dddff','fvdffvf','fdvvvdvf',3455,3443,4334,'NA','NA','2025-07-08','In Progress');
INSERT INTO ongoing_projects_ongoingproject VALUES(26,'3223323','322','fdfffd','sddddd','nytytyt',54656,545,554,'NA','NA','2025-07-09','In Progress');
INSERT INTO ongoing_projects_ongoingproject VALUES(27,'33443','55454','sacs','dssd','sddsds',44343,3232,32,'ddsvds','dssds','2025-07-10','In Progress');
INSERT INTO ongoing_projects_ongoingproject VALUES(28,'32332','43343','dcsddcs','sddd','sdscds',3443,3343,343443,'dvdvfd','fdvffd','2025-07-11','In Progress');
INSERT INTO ongoing_projects_ongoingproject VALUES(29,'34434','433443','fdf','vffdfd','vffdf',433433,34344,433443,'fvdd','fvvd','2025-06-10','In Progress');
INSERT INTO ongoing_projects_ongoingproject VALUES(30,'Fur-24-05','PO8889966','Nesma Infrastructure And Technology','SS Khobar Chorniche','Supply Fabrication And Erection Of Steel Decorative Fence And Steel Gates .',50000000,2500000,2500000,'YES HALF','N/A','2024-06-05','In Progress');
INSERT INTO ongoing_projects_ongoingproject VALUES(31,'Fur-25-00000','PO959859','Fabrication & Galvanization','Riyadh','Fabritec factory',100000,50000,45000,'N/A','N/A','2023-01-01','In Progress');
INSERT INTO ongoing_projects_ongoingproject VALUES(32,'Fur-25-00012','PO88988438','Galvanization','Riyadh','Riyadh saudi arabia',500000,15000,35000,'N/A','N/A','2025-07-17','Complete');
INSERT INTO ongoing_projects_ongoingproject VALUES(34,'Fur-25-009','PO88585','Nesma one','Riyadh','Nesma one oene',100000,50000,50000,'N/A','N/A','2025-07-16','In Progress');
INSERT INTO ongoing_projects_ongoingproject VALUES(35,'Fur-25-009','PO88585','Nesma one','Riyadh','Nesma one oene',100000,50000,50000,'N/A','N/A','2025-07-16','In Progress');
INSERT INTO ongoing_projects_ongoingproject VALUES(36,'Fur-25-009','PO88585','Nesma one','Riyadh','Nesma one oene',100000,50000,50000,'N/A','N/A','2025-07-16','In Progress');
INSERT INTO ongoing_projects_ongoingproject VALUES(37,'Fur-25-009','PO88585','Nesma one','Riyadh','Nesma one oene',100000,50000,50000,'N/A','N/A','2025-07-16','In Progress');
INSERT INTO ongoing_projects_ongoingproject VALUES(39,'Fur-25-009=10','PO888557','Nesma one two','Riyadh','This is an saudi arabai',100000,50000,45000,NULL,NULL,'2025-07-18','Complete');
INSERT INTO ongoing_projects_ongoingproject VALUES(40,'Fur-25-4445','PO7493','Nesme three four','Riyadh','This is Riyadh',100000,50000,40000,'N/A','N/A','2025-07-18','Complete');
INSERT INTO sqlite_sequence VALUES('django_migrations',38);
INSERT INTO sqlite_sequence VALUES('django_admin_log',0);
INSERT INTO sqlite_sequence VALUES('django_content_type',15);
INSERT INTO sqlite_sequence VALUES('auth_permission',60);
INSERT INTO sqlite_sequence VALUES('auth_group',0);
INSERT INTO sqlite_sequence VALUES('auth_user',2);
INSERT INTO sqlite_sequence VALUES('delivery_notes_deliverynote',27);
INSERT INTO sqlite_sequence VALUES('delivery_notes_deliveryitem',20);
INSERT INTO sqlite_sequence VALUES('incoming_material_incomingmaterialreport',10);
INSERT INTO sqlite_sequence VALUES('incoming_material_incomingmaterialitem',14);
INSERT INTO sqlite_sequence VALUES('ongoing_projects_projectcomponentstatus',106);
INSERT INTO sqlite_sequence VALUES('accounts_profile',1);
INSERT INTO sqlite_sequence VALUES('ongoing_projects_ongoingproject',40);
CREATE UNIQUE INDEX "auth_group_permissions_group_id_permission_id_0cd325b0_uniq" ON "auth_group_permissions" ("group_id", "permission_id");
CREATE INDEX "auth_group_permissions_group_id_b120cbf9" ON "auth_group_permissions" ("group_id");
CREATE INDEX "auth_group_permissions_permission_id_84c5c92e" ON "auth_group_permissions" ("permission_id");
CREATE UNIQUE INDEX "auth_user_groups_user_id_group_id_94350c0c_uniq" ON "auth_user_groups" ("user_id", "group_id");
CREATE INDEX "auth_user_groups_user_id_6a12ed8b" ON "auth_user_groups" ("user_id");
CREATE INDEX "auth_user_groups_group_id_97559544" ON "auth_user_groups" ("group_id");
CREATE UNIQUE INDEX "auth_user_user_permissions_user_id_permission_id_14a6b632_uniq" ON "auth_user_user_permissions" ("user_id", "permission_id");
CREATE INDEX "auth_user_user_permissions_user_id_a95ead1b" ON "auth_user_user_permissions" ("user_id");
CREATE INDEX "auth_user_user_permissions_permission_id_1fbb5f2c" ON "auth_user_user_permissions" ("permission_id");
CREATE INDEX "django_admin_log_content_type_id_c4bce8eb" ON "django_admin_log" ("content_type_id");
CREATE INDEX "django_admin_log_user_id_c564eba6" ON "django_admin_log" ("user_id");
CREATE UNIQUE INDEX "django_content_type_app_label_model_76bd3d3b_uniq" ON "django_content_type" ("app_label", "model");
CREATE UNIQUE INDEX "auth_permission_content_type_id_codename_01ab375a_uniq" ON "auth_permission" ("content_type_id", "codename");
CREATE INDEX "auth_permission_content_type_id_2f476e4b" ON "auth_permission" ("content_type_id");
CREATE INDEX "django_session_expire_date_a5c62663" ON "django_session" ("expire_date");
CREATE INDEX "delivery_notes_deliveryitem_delivery_note_id_dd98e835" ON "delivery_notes_deliveryitem" ("delivery_note_id");
CREATE INDEX "incoming_material_incomingmaterialitem_report_id_154bb54f" ON "incoming_material_incomingmaterialitem" ("report_id");
CREATE INDEX "ongoing_projects_projectcomponentstatus_project_id_fcd6d15d" ON "ongoing_projects_projectcomponentstatus" ("project_id");
COMMIT;
